25430,1,2022,Frühschicht,A1
25431,1,2022,Frühschicht,A2
25432,1,2022,Frühschicht,A3
25433,1,2022,Frühschicht,A4
25434,1,2022,Frühschicht,A5
25435,1,2022,Frühschicht,P1
25436,1,2022,Frühschicht,P2
25437,1,2022,Frühschicht,P3
25438,1,2022,Frühschicht,P4
25439,1,2022,Frühschicht,P5
25440,1,2022,Frühschicht,P6
25441,1,2022,Frühschicht,P7
25442,1,2022,Frühschicht,P8
25443,1,2022,Frühschicht,P9
25444,1,2022,Frühschicht,P10
25445,1,2022,Tagesschicht,A6
25446,1,2022,Tagesschicht,A7
25447,1,2022,Tagesschicht,A8
25448,1,2022,Tagesschicht,A9
25449,1,2022,Tagesschicht,A10
25450,1,2022,Tagesschicht,P11
25451,1,2022,Tagesschicht,P12
25452,1,2022,Tagesschicht,P13
25453,1,2022,Tagesschicht,P14
25454,1,2022,Tagesschicht,P15
25455,1,2022,Tagesschicht,P16
25456,1,2022,Tagesschicht,P17
25457,1,2022,Tagesschicht,P18
25458,1,2022,Tagesschicht,P19
25459,1,2022,Tagesschicht,P20
25460,1,2022,Nachtschicht,A11
25461,1,2022,Nachtschicht,A12
25462,1,2022,Nachtschicht,P22
25463,1,2022,Nachtschicht,P23
25464,1,2022,Nachtschicht,P24
25465,1,2022,Nachtschicht,P25
25466,1,2022,Nachtschicht,P26
25467,1,2022,Nachtschicht,P27
25468,2,2022,Frühschicht,A1
25469,2,2022,Frühschicht,A2
25470,2,2022,Frühschicht,A3
25471,2,2022,Frühschicht,A4
25472,2,2022,Frühschicht,A5
25473,2,2022,Frühschicht,P1
25474,2,2022,Frühschicht,P2
25475,2,2022,Frühschicht,P3
25476,2,2022,Frühschicht,P4
25477,2,2022,Frühschicht,P5
25478,2,2022,Frühschicht,P6
25479,2,2022,Frühschicht,P7
25480,2,2022,Frühschicht,P8
25481,2,2022,Frühschicht,P9
25482,2,2022,Frühschicht,P10
25483,2,2022,Tagesschicht,A6
25484,2,2022,Tagesschicht,A7
25485,2,2022,Tagesschicht,A8
25486,2,2022,Tagesschicht,A9
25487,2,2022,Tagesschicht,A10
25488,2,2022,Tagesschicht,P11
25489,2,2022,Tagesschicht,P12
25490,2,2022,Tagesschicht,P13
25491,2,2022,Tagesschicht,P14
25492,2,2022,Tagesschicht,P15
25493,2,2022,Tagesschicht,P16
25494,2,2022,Tagesschicht,P17
25495,2,2022,Tagesschicht,P18
25496,2,2022,Tagesschicht,P19
25497,2,2022,Tagesschicht,P20
25498,2,2022,Nachtschicht,A11
25499,2,2022,Nachtschicht,A12
25500,2,2022,Nachtschicht,P22
25501,2,2022,Nachtschicht,P23
25502,2,2022,Nachtschicht,P24
25503,2,2022,Nachtschicht,P25
25504,2,2022,Nachtschicht,P26
25505,2,2022,Nachtschicht,P27
25506,3,2022,Frühschicht,A1
25507,3,2022,Frühschicht,A2
25508,3,2022,Frühschicht,A3
25509,3,2022,Frühschicht,A4
25510,3,2022,Frühschicht,A5
25511,3,2022,Frühschicht,P1
25512,3,2022,Frühschicht,P2
25513,3,2022,Frühschicht,P3
25514,3,2022,Frühschicht,P4
25515,3,2022,Frühschicht,P5
25516,3,2022,Frühschicht,P6
25517,3,2022,Frühschicht,P7
25518,3,2022,Frühschicht,P8
25519,3,2022,Frühschicht,P9
25520,3,2022,Frühschicht,P10
25521,3,2022,Tagesschicht,A6
25522,3,2022,Tagesschicht,A7
25523,3,2022,Tagesschicht,A8
25524,3,2022,Tagesschicht,A9
25525,3,2022,Tagesschicht,A10
25526,3,2022,Tagesschicht,P11
25527,3,2022,Tagesschicht,P12
25528,3,2022,Tagesschicht,P13
25529,3,2022,Tagesschicht,P14
25530,3,2022,Tagesschicht,P15
25531,3,2022,Tagesschicht,P16
25532,3,2022,Tagesschicht,P17
25533,3,2022,Tagesschicht,P18
25534,3,2022,Tagesschicht,P19
25535,3,2022,Tagesschicht,P20
25536,3,2022,Nachtschicht,A11
25537,3,2022,Nachtschicht,A12
25538,3,2022,Nachtschicht,P22
25539,3,2022,Nachtschicht,P23
25540,3,2022,Nachtschicht,P24
25541,3,2022,Nachtschicht,P25
25542,3,2022,Nachtschicht,P26
25543,3,2022,Nachtschicht,P27
25544,4,2022,Frühschicht,A1
25545,4,2022,Frühschicht,A2
25546,4,2022,Frühschicht,A3
25547,4,2022,Frühschicht,A4
25548,4,2022,Frühschicht,A5
25549,4,2022,Frühschicht,P1
25550,4,2022,Frühschicht,P2
25551,4,2022,Frühschicht,P3
25552,4,2022,Frühschicht,P4
25553,4,2022,Frühschicht,P5
25554,4,2022,Frühschicht,P6
25555,4,2022,Frühschicht,P7
25556,4,2022,Frühschicht,P8
25557,4,2022,Frühschicht,P9
25558,4,2022,Frühschicht,P10
25559,4,2022,Tagesschicht,A6
25560,4,2022,Tagesschicht,A7
25561,4,2022,Tagesschicht,A8
25562,4,2022,Tagesschicht,A9
25563,4,2022,Tagesschicht,A10
25564,4,2022,Tagesschicht,P11
25565,4,2022,Tagesschicht,P12
25566,4,2022,Tagesschicht,P13
25567,4,2022,Tagesschicht,P14
25568,4,2022,Tagesschicht,P15
25569,4,2022,Tagesschicht,P16
25570,4,2022,Tagesschicht,P17
25571,4,2022,Tagesschicht,P18
25572,4,2022,Tagesschicht,P19
25573,4,2022,Tagesschicht,P20
25574,4,2022,Nachtschicht,A11
25575,4,2022,Nachtschicht,A12
25576,4,2022,Nachtschicht,P22
25577,4,2022,Nachtschicht,P23
25578,4,2022,Nachtschicht,P24
25579,4,2022,Nachtschicht,P25
25580,4,2022,Nachtschicht,P26
25581,4,2022,Nachtschicht,P27
25582,5,2022,Frühschicht,A1
25583,5,2022,Frühschicht,A2
25584,5,2022,Frühschicht,A3
25585,5,2022,Frühschicht,A4
25586,5,2022,Frühschicht,A5
25587,5,2022,Frühschicht,P1
25588,5,2022,Frühschicht,P2
25589,5,2022,Frühschicht,P3
25590,5,2022,Frühschicht,P4
25591,5,2022,Frühschicht,P5
25592,5,2022,Frühschicht,P6
25593,5,2022,Frühschicht,P7
25594,5,2022,Frühschicht,P8
25595,5,2022,Frühschicht,P9
25596,5,2022,Frühschicht,P10
25597,5,2022,Tagesschicht,A6
25598,5,2022,Tagesschicht,A7
25599,5,2022,Tagesschicht,A8
25600,5,2022,Tagesschicht,A9
25601,5,2022,Tagesschicht,A10
25602,5,2022,Tagesschicht,P11
25603,5,2022,Tagesschicht,P12
25604,5,2022,Tagesschicht,P13
25605,5,2022,Tagesschicht,P14
25606,5,2022,Tagesschicht,P15
25607,5,2022,Tagesschicht,P16
25608,5,2022,Tagesschicht,P17
25609,5,2022,Tagesschicht,P18
25610,5,2022,Tagesschicht,P19
25611,5,2022,Tagesschicht,P20
25612,5,2022,Nachtschicht,A11
25613,5,2022,Nachtschicht,A12
25614,5,2022,Nachtschicht,P22
25615,5,2022,Nachtschicht,P23
25616,5,2022,Nachtschicht,P24
25617,5,2022,Nachtschicht,P25
25618,5,2022,Nachtschicht,P26
25619,5,2022,Nachtschicht,P27
25620,6,2022,Frühschicht,A1
25621,6,2022,Frühschicht,A2
25622,6,2022,Frühschicht,A3
25623,6,2022,Frühschicht,A4
25624,6,2022,Frühschicht,A5
25625,6,2022,Frühschicht,P1
25626,6,2022,Frühschicht,P2
25627,6,2022,Frühschicht,P3
25628,6,2022,Frühschicht,P4
25629,6,2022,Frühschicht,P5
25630,6,2022,Frühschicht,P6
25631,6,2022,Frühschicht,P7
25632,6,2022,Frühschicht,P8
25633,6,2022,Frühschicht,P9
25634,6,2022,Frühschicht,P10
25635,6,2022,Tagesschicht,A6
25636,6,2022,Tagesschicht,A7
25637,6,2022,Tagesschicht,A8
25638,6,2022,Tagesschicht,A9
25639,6,2022,Tagesschicht,A10
25640,6,2022,Tagesschicht,P11
25641,6,2022,Tagesschicht,P12
25642,6,2022,Tagesschicht,P13
25643,6,2022,Tagesschicht,P14
25644,6,2022,Tagesschicht,P15
25645,6,2022,Tagesschicht,P16
25646,6,2022,Tagesschicht,P17
25647,6,2022,Tagesschicht,P18
25648,6,2022,Tagesschicht,P19
25649,6,2022,Tagesschicht,P20
25650,6,2022,Nachtschicht,A11
25651,6,2022,Nachtschicht,A12
25652,6,2022,Nachtschicht,P22
25653,6,2022,Nachtschicht,P23
25654,6,2022,Nachtschicht,P24
25655,6,2022,Nachtschicht,P25
25656,6,2022,Nachtschicht,P26
25657,6,2022,Nachtschicht,P27
25658,7,2022,Frühschicht,A1
25659,7,2022,Frühschicht,A2
25660,7,2022,Frühschicht,A3
25661,7,2022,Frühschicht,A4
25662,7,2022,Frühschicht,A5
25663,7,2022,Frühschicht,P1
25664,7,2022,Frühschicht,P2
25665,7,2022,Frühschicht,P3
25666,7,2022,Frühschicht,P4
25667,7,2022,Frühschicht,P5
25668,7,2022,Frühschicht,P6
25669,7,2022,Frühschicht,P7
25670,7,2022,Frühschicht,P8
25671,7,2022,Frühschicht,P9
25672,7,2022,Frühschicht,P10
25673,7,2022,Tagesschicht,A6
25674,7,2022,Tagesschicht,A7
25675,7,2022,Tagesschicht,A8
25676,7,2022,Tagesschicht,A9
25677,7,2022,Tagesschicht,A10
25678,7,2022,Tagesschicht,P11
25679,7,2022,Tagesschicht,P12
25680,7,2022,Tagesschicht,P13
25681,7,2022,Tagesschicht,P14
25682,7,2022,Tagesschicht,P15
25683,7,2022,Tagesschicht,P16
25684,7,2022,Tagesschicht,P17
25685,7,2022,Tagesschicht,P18
25686,7,2022,Tagesschicht,P19
25687,7,2022,Tagesschicht,P20
25688,7,2022,Nachtschicht,A11
25689,7,2022,Nachtschicht,A12
25690,7,2022,Nachtschicht,P22
25691,7,2022,Nachtschicht,P23
25692,7,2022,Nachtschicht,P24
25693,7,2022,Nachtschicht,P25
25694,7,2022,Nachtschicht,P26
25695,7,2022,Nachtschicht,P27
25696,8,2022,Frühschicht,A1
25697,8,2022,Frühschicht,A2
25698,8,2022,Frühschicht,A3
25699,8,2022,Frühschicht,A4
25700,8,2022,Frühschicht,A5
25701,8,2022,Frühschicht,P1
25702,8,2022,Frühschicht,P2
25703,8,2022,Frühschicht,P3
25704,8,2022,Frühschicht,P4
25705,8,2022,Frühschicht,P5
25706,8,2022,Frühschicht,P6
25707,8,2022,Frühschicht,P7
25708,8,2022,Frühschicht,P8
25709,8,2022,Frühschicht,P9
25710,8,2022,Frühschicht,P10
25711,8,2022,Tagesschicht,A6
25712,8,2022,Tagesschicht,A7
25713,8,2022,Tagesschicht,A8
25714,8,2022,Tagesschicht,A9
25715,8,2022,Tagesschicht,A10
25716,8,2022,Tagesschicht,P11
25717,8,2022,Tagesschicht,P12
25718,8,2022,Tagesschicht,P13
25719,8,2022,Tagesschicht,P14
25720,8,2022,Tagesschicht,P15
25721,8,2022,Tagesschicht,P16
25722,8,2022,Tagesschicht,P17
25723,8,2022,Tagesschicht,P18
25724,8,2022,Tagesschicht,P19
25725,8,2022,Tagesschicht,P20
25726,8,2022,Nachtschicht,A11
25727,8,2022,Nachtschicht,A12
25728,8,2022,Nachtschicht,P22
25729,8,2022,Nachtschicht,P23
25730,8,2022,Nachtschicht,P24
25731,8,2022,Nachtschicht,P25
25732,8,2022,Nachtschicht,P26
25733,8,2022,Nachtschicht,P27
25734,9,2022,Frühschicht,A1
25735,9,2022,Frühschicht,A2
25736,9,2022,Frühschicht,A3
25737,9,2022,Frühschicht,A4
25738,9,2022,Frühschicht,A5
25739,9,2022,Frühschicht,P1
25740,9,2022,Frühschicht,P2
25741,9,2022,Frühschicht,P3
25742,9,2022,Frühschicht,P4
25743,9,2022,Frühschicht,P5
25744,9,2022,Frühschicht,P6
25745,9,2022,Frühschicht,P7
25746,9,2022,Frühschicht,P8
25747,9,2022,Frühschicht,P9
25748,9,2022,Frühschicht,P10
25749,9,2022,Tagesschicht,A6
25750,9,2022,Tagesschicht,A7
25751,9,2022,Tagesschicht,A8
25752,9,2022,Tagesschicht,A9
25753,9,2022,Tagesschicht,A10
25754,9,2022,Tagesschicht,P11
25755,9,2022,Tagesschicht,P12
25756,9,2022,Tagesschicht,P13
25757,9,2022,Tagesschicht,P14
25758,9,2022,Tagesschicht,P15
25759,9,2022,Tagesschicht,P16
25760,9,2022,Tagesschicht,P17
25761,9,2022,Tagesschicht,P18
25762,9,2022,Tagesschicht,P19
25763,9,2022,Tagesschicht,P20
25764,9,2022,Nachtschicht,A11
25765,9,2022,Nachtschicht,A12
25766,9,2022,Nachtschicht,P22
25767,9,2022,Nachtschicht,P23
25768,9,2022,Nachtschicht,P24
25769,9,2022,Nachtschicht,P25
25770,9,2022,Nachtschicht,P26
25771,9,2022,Nachtschicht,P27
25772,10,2022,Frühschicht,A1
25773,10,2022,Frühschicht,A2
25774,10,2022,Frühschicht,A3
25775,10,2022,Frühschicht,A4
25776,10,2022,Frühschicht,A5
25777,10,2022,Frühschicht,P1
25778,10,2022,Frühschicht,P2
25779,10,2022,Frühschicht,P3
25780,10,2022,Frühschicht,P4
25781,10,2022,Frühschicht,P5
25782,10,2022,Frühschicht,P6
25783,10,2022,Frühschicht,P7
25784,10,2022,Frühschicht,P8
25785,10,2022,Frühschicht,P9
25786,10,2022,Frühschicht,P10
25787,10,2022,Tagesschicht,A6
25788,10,2022,Tagesschicht,A7
25789,10,2022,Tagesschicht,A8
25790,10,2022,Tagesschicht,A9
25791,10,2022,Tagesschicht,A10
25792,10,2022,Tagesschicht,P11
25793,10,2022,Tagesschicht,P12
25794,10,2022,Tagesschicht,P13
25795,10,2022,Tagesschicht,P14
25796,10,2022,Tagesschicht,P15
25797,10,2022,Tagesschicht,P16
25798,10,2022,Tagesschicht,P17
25799,10,2022,Tagesschicht,P18
25800,10,2022,Tagesschicht,P19
25801,10,2022,Tagesschicht,P20
25802,10,2022,Nachtschicht,A11
25803,10,2022,Nachtschicht,A12
25804,10,2022,Nachtschicht,P22
25805,10,2022,Nachtschicht,P23
25806,10,2022,Nachtschicht,P24
25807,10,2022,Nachtschicht,P25
25808,10,2022,Nachtschicht,P26
25809,10,2022,Nachtschicht,P27
25810,11,2022,Frühschicht,A1
25811,11,2022,Frühschicht,A2
25812,11,2022,Frühschicht,A3
25813,11,2022,Frühschicht,A4
25814,11,2022,Frühschicht,A5
25815,11,2022,Frühschicht,P1
25816,11,2022,Frühschicht,P2
25817,11,2022,Frühschicht,P3
25818,11,2022,Frühschicht,P4
25819,11,2022,Frühschicht,P5
25820,11,2022,Frühschicht,P6
25821,11,2022,Frühschicht,P7
25822,11,2022,Frühschicht,P8
25823,11,2022,Frühschicht,P9
25824,11,2022,Frühschicht,P10
25825,11,2022,Tagesschicht,A6
25826,11,2022,Tagesschicht,A7
25827,11,2022,Tagesschicht,A8
25828,11,2022,Tagesschicht,A9
25829,11,2022,Tagesschicht,A10
25830,11,2022,Tagesschicht,P11
25831,11,2022,Tagesschicht,P12
25832,11,2022,Tagesschicht,P13
25833,11,2022,Tagesschicht,P14
25834,11,2022,Tagesschicht,P15
25835,11,2022,Tagesschicht,P16
25836,11,2022,Tagesschicht,P17
25837,11,2022,Tagesschicht,P18
25838,11,2022,Tagesschicht,P19
25839,11,2022,Tagesschicht,P20
25840,11,2022,Nachtschicht,A11
25841,11,2022,Nachtschicht,A12
25842,11,2022,Nachtschicht,P22
25843,11,2022,Nachtschicht,P23
25844,11,2022,Nachtschicht,P24
25845,11,2022,Nachtschicht,P25
25846,11,2022,Nachtschicht,P26
25847,11,2022,Nachtschicht,P27
25848,12,2022,Frühschicht,A1
25849,12,2022,Frühschicht,A2
25850,12,2022,Frühschicht,A3
25851,12,2022,Frühschicht,A4
25852,12,2022,Frühschicht,A5
25853,12,2022,Frühschicht,P1
25854,12,2022,Frühschicht,P2
25855,12,2022,Frühschicht,P3
25856,12,2022,Frühschicht,P4
25857,12,2022,Frühschicht,P5
25858,12,2022,Frühschicht,P6
25859,12,2022,Frühschicht,P7
25860,12,2022,Frühschicht,P8
25861,12,2022,Frühschicht,P9
25862,12,2022,Frühschicht,P10
25863,12,2022,Tagesschicht,A6
25864,12,2022,Tagesschicht,A7
25865,12,2022,Tagesschicht,A8
25866,12,2022,Tagesschicht,A9
25867,12,2022,Tagesschicht,A10
25868,12,2022,Tagesschicht,P11
25869,12,2022,Tagesschicht,P12
25870,12,2022,Tagesschicht,P13
25871,12,2022,Tagesschicht,P14
25872,12,2022,Tagesschicht,P15
25873,12,2022,Tagesschicht,P16
25874,12,2022,Tagesschicht,P17
25875,12,2022,Tagesschicht,P18
25876,12,2022,Tagesschicht,P19
25877,12,2022,Tagesschicht,P20
25878,12,2022,Nachtschicht,A11
25879,12,2022,Nachtschicht,A12
25880,12,2022,Nachtschicht,P22
25881,12,2022,Nachtschicht,P23
25882,12,2022,Nachtschicht,P24
25883,12,2022,Nachtschicht,P25
25884,12,2022,Nachtschicht,P26
25885,12,2022,Nachtschicht,P27
25886,13,2022,Frühschicht,A1
25887,13,2022,Frühschicht,A2
25888,13,2022,Frühschicht,A3
25889,13,2022,Frühschicht,A4
25890,13,2022,Frühschicht,A5
25891,13,2022,Frühschicht,P1
25892,13,2022,Frühschicht,P2
25893,13,2022,Frühschicht,P3
25894,13,2022,Frühschicht,P4
25895,13,2022,Frühschicht,P5
25896,13,2022,Frühschicht,P6
25897,13,2022,Frühschicht,P7
25898,13,2022,Frühschicht,P8
25899,13,2022,Frühschicht,P9
25900,13,2022,Frühschicht,P10
25901,13,2022,Tagesschicht,A6
25902,13,2022,Tagesschicht,A7
25903,13,2022,Tagesschicht,A8
25904,13,2022,Tagesschicht,A9
25905,13,2022,Tagesschicht,A10
25906,13,2022,Tagesschicht,P11
25907,13,2022,Tagesschicht,P12
25908,13,2022,Tagesschicht,P13
25909,13,2022,Tagesschicht,P14
25910,13,2022,Tagesschicht,P15
25911,13,2022,Tagesschicht,P16
25912,13,2022,Tagesschicht,P17
25913,13,2022,Tagesschicht,P18
25914,13,2022,Tagesschicht,P19
25915,13,2022,Tagesschicht,P20
25916,13,2022,Nachtschicht,A11
25917,13,2022,Nachtschicht,A12
25918,13,2022,Nachtschicht,P22
25919,13,2022,Nachtschicht,P23
25920,13,2022,Nachtschicht,P24
25921,13,2022,Nachtschicht,P25
25922,13,2022,Nachtschicht,P26
25923,13,2022,Nachtschicht,P27
25924,14,2022,Frühschicht,A1
25925,14,2022,Frühschicht,A2
25926,14,2022,Frühschicht,A3
25927,14,2022,Frühschicht,A4
25928,14,2022,Frühschicht,A5
25929,14,2022,Frühschicht,P1
25930,14,2022,Frühschicht,P2
25931,14,2022,Frühschicht,P3
25932,14,2022,Frühschicht,P4
25933,14,2022,Frühschicht,P5
25934,14,2022,Frühschicht,P6
25935,14,2022,Frühschicht,P7
25936,14,2022,Frühschicht,P8
25937,14,2022,Frühschicht,P9
25938,14,2022,Frühschicht,P10
25939,14,2022,Tagesschicht,A6
25940,14,2022,Tagesschicht,A7
25941,14,2022,Tagesschicht,A8
25942,14,2022,Tagesschicht,A9
25943,14,2022,Tagesschicht,A10
25944,14,2022,Tagesschicht,P11
25945,14,2022,Tagesschicht,P12
25946,14,2022,Tagesschicht,P13
25947,14,2022,Tagesschicht,P14
25948,14,2022,Tagesschicht,P15
25949,14,2022,Tagesschicht,P16
25950,14,2022,Tagesschicht,P17
25951,14,2022,Tagesschicht,P18
25952,14,2022,Tagesschicht,P19
25953,14,2022,Tagesschicht,P20
25954,14,2022,Nachtschicht,A11
25955,14,2022,Nachtschicht,A12
25956,14,2022,Nachtschicht,P22
25957,14,2022,Nachtschicht,P23
25958,14,2022,Nachtschicht,P24
25959,14,2022,Nachtschicht,P25
25960,14,2022,Nachtschicht,P26
25961,14,2022,Nachtschicht,P27
25962,15,2022,Frühschicht,A1
25963,15,2022,Frühschicht,A2
25964,15,2022,Frühschicht,A3
25965,15,2022,Frühschicht,A4
25966,15,2022,Frühschicht,A5
25967,15,2022,Frühschicht,P1
25968,15,2022,Frühschicht,P2
25969,15,2022,Frühschicht,P3
25970,15,2022,Frühschicht,P4
25971,15,2022,Frühschicht,P5
25972,15,2022,Frühschicht,P6
25973,15,2022,Frühschicht,P7
25974,15,2022,Frühschicht,P8
25975,15,2022,Frühschicht,P9
25976,15,2022,Frühschicht,P10
25977,15,2022,Tagesschicht,A6
25978,15,2022,Tagesschicht,A7
25979,15,2022,Tagesschicht,A8
25980,15,2022,Tagesschicht,A9
25981,15,2022,Tagesschicht,A10
25982,15,2022,Tagesschicht,P11
25983,15,2022,Tagesschicht,P12
25984,15,2022,Tagesschicht,P13
25985,15,2022,Tagesschicht,P14
25986,15,2022,Tagesschicht,P15
25987,15,2022,Tagesschicht,P16
25988,15,2022,Tagesschicht,P17
25989,15,2022,Tagesschicht,P18
25990,15,2022,Tagesschicht,P19
25991,15,2022,Tagesschicht,P20
25992,15,2022,Nachtschicht,A11
25993,15,2022,Nachtschicht,A12
25994,15,2022,Nachtschicht,P22
25995,15,2022,Nachtschicht,P23
25996,15,2022,Nachtschicht,P24
25997,15,2022,Nachtschicht,P25
25998,15,2022,Nachtschicht,P26
25999,15,2022,Nachtschicht,P27
26000,16,2022,Frühschicht,A1
26001,16,2022,Frühschicht,A2
26002,16,2022,Frühschicht,A3
26003,16,2022,Frühschicht,A4
26004,16,2022,Frühschicht,A5
26005,16,2022,Frühschicht,P1
26006,16,2022,Frühschicht,P2
26007,16,2022,Frühschicht,P3
26008,16,2022,Frühschicht,P4
26009,16,2022,Frühschicht,P5
26010,16,2022,Frühschicht,P6
26011,16,2022,Frühschicht,P7
26012,16,2022,Frühschicht,P8
26013,16,2022,Frühschicht,P9
26014,16,2022,Frühschicht,P10
26015,16,2022,Tagesschicht,A6
26016,16,2022,Tagesschicht,A7
26017,16,2022,Tagesschicht,A8
26018,16,2022,Tagesschicht,A9
26019,16,2022,Tagesschicht,A10
26020,16,2022,Tagesschicht,P11
26021,16,2022,Tagesschicht,P12
26022,16,2022,Tagesschicht,P13
26023,16,2022,Tagesschicht,P14
26024,16,2022,Tagesschicht,P15
26025,16,2022,Tagesschicht,P16
26026,16,2022,Tagesschicht,P17
26027,16,2022,Tagesschicht,P18
26028,16,2022,Tagesschicht,P19
26029,16,2022,Tagesschicht,P20
26030,16,2022,Nachtschicht,A11
26031,16,2022,Nachtschicht,A12
26032,16,2022,Nachtschicht,P22
26033,16,2022,Nachtschicht,P23
26034,16,2022,Nachtschicht,P24
26035,16,2022,Nachtschicht,P25
26036,16,2022,Nachtschicht,P26
26037,16,2022,Nachtschicht,P27
26038,17,2022,Frühschicht,A1
26039,17,2022,Frühschicht,A2
26040,17,2022,Frühschicht,A3
26041,17,2022,Frühschicht,A4
26042,17,2022,Frühschicht,A5
26043,17,2022,Frühschicht,P1
26044,17,2022,Frühschicht,P2
26045,17,2022,Frühschicht,P3
26046,17,2022,Frühschicht,P4
26047,17,2022,Frühschicht,P5
26048,17,2022,Frühschicht,P6
26049,17,2022,Frühschicht,P7
26050,17,2022,Frühschicht,P8
26051,17,2022,Frühschicht,P9
26052,17,2022,Frühschicht,P10
26053,17,2022,Tagesschicht,A6
26054,17,2022,Tagesschicht,A7
26055,17,2022,Tagesschicht,A8
26056,17,2022,Tagesschicht,A9
26057,17,2022,Tagesschicht,A10
26058,17,2022,Tagesschicht,P11
26059,17,2022,Tagesschicht,P12
26060,17,2022,Tagesschicht,P13
26061,17,2022,Tagesschicht,P14
26062,17,2022,Tagesschicht,P15
26063,17,2022,Tagesschicht,P16
26064,17,2022,Tagesschicht,P17
26065,17,2022,Tagesschicht,P18
26066,17,2022,Tagesschicht,P19
26067,17,2022,Tagesschicht,P20
26068,17,2022,Nachtschicht,A11
26069,17,2022,Nachtschicht,A12
26070,17,2022,Nachtschicht,P22
26071,17,2022,Nachtschicht,P23
26072,17,2022,Nachtschicht,P24
26073,17,2022,Nachtschicht,P25
26074,17,2022,Nachtschicht,P26
26075,17,2022,Nachtschicht,P27
26076,18,2022,Frühschicht,A1
26077,18,2022,Frühschicht,A2
26078,18,2022,Frühschicht,A3
26079,18,2022,Frühschicht,A4
26080,18,2022,Frühschicht,A5
26081,18,2022,Frühschicht,P1
26082,18,2022,Frühschicht,P2
26083,18,2022,Frühschicht,P3
26084,18,2022,Frühschicht,P4
26085,18,2022,Frühschicht,P5
26086,18,2022,Frühschicht,P6
26087,18,2022,Frühschicht,P7
26088,18,2022,Frühschicht,P8
26089,18,2022,Frühschicht,P9
26090,18,2022,Frühschicht,P10
26091,18,2022,Tagesschicht,A6
26092,18,2022,Tagesschicht,A7
26093,18,2022,Tagesschicht,A8
26094,18,2022,Tagesschicht,A9
26095,18,2022,Tagesschicht,A10
26096,18,2022,Tagesschicht,P11
26097,18,2022,Tagesschicht,P12
26098,18,2022,Tagesschicht,P13
26099,18,2022,Tagesschicht,P14
26100,18,2022,Tagesschicht,P15
26101,18,2022,Tagesschicht,P16
26102,18,2022,Tagesschicht,P17
26103,18,2022,Tagesschicht,P18
26104,18,2022,Tagesschicht,P19
26105,18,2022,Tagesschicht,P20
26106,18,2022,Nachtschicht,A11
26107,18,2022,Nachtschicht,A12
26108,18,2022,Nachtschicht,P22
26109,18,2022,Nachtschicht,P23
26110,18,2022,Nachtschicht,P24
26111,18,2022,Nachtschicht,P25
26112,18,2022,Nachtschicht,P26
26113,18,2022,Nachtschicht,P27
26114,19,2022,Frühschicht,A1
26115,19,2022,Frühschicht,A2
26116,19,2022,Frühschicht,A3
26117,19,2022,Frühschicht,A4
26118,19,2022,Frühschicht,A5
26119,19,2022,Frühschicht,P1
26120,19,2022,Frühschicht,P2
26121,19,2022,Frühschicht,P3
26122,19,2022,Frühschicht,P4
26123,19,2022,Frühschicht,P5
26124,19,2022,Frühschicht,P6
26125,19,2022,Frühschicht,P7
26126,19,2022,Frühschicht,P8
26127,19,2022,Frühschicht,P9
26128,19,2022,Frühschicht,P10
26129,19,2022,Tagesschicht,A6
26130,19,2022,Tagesschicht,A7
26131,19,2022,Tagesschicht,A8
26132,19,2022,Tagesschicht,A9
26133,19,2022,Tagesschicht,A10
26134,19,2022,Tagesschicht,P11
26135,19,2022,Tagesschicht,P12
26136,19,2022,Tagesschicht,P13
26137,19,2022,Tagesschicht,P14
26138,19,2022,Tagesschicht,P15
26139,19,2022,Tagesschicht,P16
26140,19,2022,Tagesschicht,P17
26141,19,2022,Tagesschicht,P18
26142,19,2022,Tagesschicht,P19
26143,19,2022,Tagesschicht,P20
26144,19,2022,Nachtschicht,A11
26145,19,2022,Nachtschicht,A12
26146,19,2022,Nachtschicht,P22
26147,19,2022,Nachtschicht,P23
26148,19,2022,Nachtschicht,P24
26149,19,2022,Nachtschicht,P25
26150,19,2022,Nachtschicht,P26
26151,19,2022,Nachtschicht,P27
26152,20,2022,Frühschicht,A1
26153,20,2022,Frühschicht,A2
26154,20,2022,Frühschicht,A3
26155,20,2022,Frühschicht,A4
26156,20,2022,Frühschicht,A5
26157,20,2022,Frühschicht,P1
26158,20,2022,Frühschicht,P2
26159,20,2022,Frühschicht,P3
26160,20,2022,Frühschicht,P4
26161,20,2022,Frühschicht,P5
26162,20,2022,Frühschicht,P6
26163,20,2022,Frühschicht,P7
26164,20,2022,Frühschicht,P8
26165,20,2022,Frühschicht,P9
26166,20,2022,Frühschicht,P10
26167,20,2022,Tagesschicht,A6
26168,20,2022,Tagesschicht,A7
26169,20,2022,Tagesschicht,A8
26170,20,2022,Tagesschicht,A9
26171,20,2022,Tagesschicht,A10
26172,20,2022,Tagesschicht,P11
26173,20,2022,Tagesschicht,P12
26174,20,2022,Tagesschicht,P13
26175,20,2022,Tagesschicht,P14
26176,20,2022,Tagesschicht,P15
26177,20,2022,Tagesschicht,P16
26178,20,2022,Tagesschicht,P17
26179,20,2022,Tagesschicht,P18
26180,20,2022,Tagesschicht,P19
26181,20,2022,Tagesschicht,P20
26182,20,2022,Nachtschicht,A11
26183,20,2022,Nachtschicht,A12
26184,20,2022,Nachtschicht,P22
26185,20,2022,Nachtschicht,P23
26186,20,2022,Nachtschicht,P24
26187,20,2022,Nachtschicht,P25
26188,20,2022,Nachtschicht,P26
26189,20,2022,Nachtschicht,P27
26190,21,2022,Frühschicht,A1
26191,21,2022,Frühschicht,A2
26192,21,2022,Frühschicht,A3
26193,21,2022,Frühschicht,A4
26194,21,2022,Frühschicht,A5
26195,21,2022,Frühschicht,P1
26196,21,2022,Frühschicht,P2
26197,21,2022,Frühschicht,P3
26198,21,2022,Frühschicht,P4
26199,21,2022,Frühschicht,P5
26200,21,2022,Frühschicht,P6
26201,21,2022,Frühschicht,P7
26202,21,2022,Frühschicht,P8
26203,21,2022,Frühschicht,P9
26204,21,2022,Frühschicht,P10
26205,21,2022,Tagesschicht,A6
26206,21,2022,Tagesschicht,A7
26207,21,2022,Tagesschicht,A8
26208,21,2022,Tagesschicht,A9
26209,21,2022,Tagesschicht,A10
26210,21,2022,Tagesschicht,P11
26211,21,2022,Tagesschicht,P12
26212,21,2022,Tagesschicht,P13
26213,21,2022,Tagesschicht,P14
26214,21,2022,Tagesschicht,P15
26215,21,2022,Tagesschicht,P16
26216,21,2022,Tagesschicht,P17
26217,21,2022,Tagesschicht,P18
26218,21,2022,Tagesschicht,P19
26219,21,2022,Tagesschicht,P20
26220,21,2022,Nachtschicht,A11
26221,21,2022,Nachtschicht,A12
26222,21,2022,Nachtschicht,P22
26223,21,2022,Nachtschicht,P23
26224,21,2022,Nachtschicht,P24
26225,21,2022,Nachtschicht,P25
26226,21,2022,Nachtschicht,P26
26227,21,2022,Nachtschicht,P27
26228,22,2022,Frühschicht,A1
26229,22,2022,Frühschicht,A2
26230,22,2022,Frühschicht,A3
26231,22,2022,Frühschicht,A4
26232,22,2022,Frühschicht,A5
26233,22,2022,Frühschicht,P1
26234,22,2022,Frühschicht,P2
26235,22,2022,Frühschicht,P3
26236,22,2022,Frühschicht,P4
26237,22,2022,Frühschicht,P5
26238,22,2022,Frühschicht,P6
26239,22,2022,Frühschicht,P7
26240,22,2022,Frühschicht,P8
26241,22,2022,Frühschicht,P9
26242,22,2022,Frühschicht,P10
26243,22,2022,Tagesschicht,A6
26244,22,2022,Tagesschicht,A7
26245,22,2022,Tagesschicht,A8
26246,22,2022,Tagesschicht,A9
26247,22,2022,Tagesschicht,A10
26248,22,2022,Tagesschicht,P11
26249,22,2022,Tagesschicht,P12
26250,22,2022,Tagesschicht,P13
26251,22,2022,Tagesschicht,P14
26252,22,2022,Tagesschicht,P15
26253,22,2022,Tagesschicht,P16
26254,22,2022,Tagesschicht,P17
26255,22,2022,Tagesschicht,P18
26256,22,2022,Tagesschicht,P19
26257,22,2022,Tagesschicht,P20
26258,22,2022,Nachtschicht,A11
26259,22,2022,Nachtschicht,A12
26260,22,2022,Nachtschicht,P22
26261,22,2022,Nachtschicht,P23
26262,22,2022,Nachtschicht,P24
26263,22,2022,Nachtschicht,P25
26264,22,2022,Nachtschicht,P26
26265,22,2022,Nachtschicht,P27
26266,23,2022,Frühschicht,A1
26267,23,2022,Frühschicht,A2
26268,23,2022,Frühschicht,A3
26269,23,2022,Frühschicht,A4
26270,23,2022,Frühschicht,A5
26271,23,2022,Frühschicht,P1
26272,23,2022,Frühschicht,P2
26273,23,2022,Frühschicht,P3
26274,23,2022,Frühschicht,P4
26275,23,2022,Frühschicht,P5
26276,23,2022,Frühschicht,P6
26277,23,2022,Frühschicht,P7
26278,23,2022,Frühschicht,P8
26279,23,2022,Frühschicht,P9
26280,23,2022,Frühschicht,P10
26281,23,2022,Tagesschicht,A6
26282,23,2022,Tagesschicht,A7
26283,23,2022,Tagesschicht,A8
26284,23,2022,Tagesschicht,A9
26285,23,2022,Tagesschicht,A10
26286,23,2022,Tagesschicht,P11
26287,23,2022,Tagesschicht,P12
26288,23,2022,Tagesschicht,P13
26289,23,2022,Tagesschicht,P14
26290,23,2022,Tagesschicht,P15
26291,23,2022,Tagesschicht,P16
26292,23,2022,Tagesschicht,P17
26293,23,2022,Tagesschicht,P18
26294,23,2022,Tagesschicht,P19
26295,23,2022,Tagesschicht,P20
26296,23,2022,Nachtschicht,A11
26297,23,2022,Nachtschicht,A12
26298,23,2022,Nachtschicht,P22
26299,23,2022,Nachtschicht,P23
26300,23,2022,Nachtschicht,P24
26301,23,2022,Nachtschicht,P25
26302,23,2022,Nachtschicht,P26
26303,23,2022,Nachtschicht,P27
26304,24,2022,Frühschicht,A1
26305,24,2022,Frühschicht,A2
26306,24,2022,Frühschicht,A3
26307,24,2022,Frühschicht,A4
26308,24,2022,Frühschicht,A5
26309,24,2022,Frühschicht,P1
26310,24,2022,Frühschicht,P2
26311,24,2022,Frühschicht,P3
26312,24,2022,Frühschicht,P4
26313,24,2022,Frühschicht,P5
26314,24,2022,Frühschicht,P6
26315,24,2022,Frühschicht,P7
26316,24,2022,Frühschicht,P8
26317,24,2022,Frühschicht,P9
26318,24,2022,Frühschicht,P10
26319,24,2022,Tagesschicht,A6
26320,24,2022,Tagesschicht,A7
26321,24,2022,Tagesschicht,A8
26322,24,2022,Tagesschicht,A9
26323,24,2022,Tagesschicht,A10
26324,24,2022,Tagesschicht,P11
26325,24,2022,Tagesschicht,P12
26326,24,2022,Tagesschicht,P13
26327,24,2022,Tagesschicht,P14
26328,24,2022,Tagesschicht,P15
26329,24,2022,Tagesschicht,P16
26330,24,2022,Tagesschicht,P17
26331,24,2022,Tagesschicht,P18
26332,24,2022,Tagesschicht,P19
26333,24,2022,Tagesschicht,P20
26334,24,2022,Nachtschicht,A11
26335,24,2022,Nachtschicht,A12
26336,24,2022,Nachtschicht,P22
26337,24,2022,Nachtschicht,P23
26338,24,2022,Nachtschicht,P24
26339,24,2022,Nachtschicht,P25
26340,24,2022,Nachtschicht,P26
26341,24,2022,Nachtschicht,P27
26342,25,2022,Frühschicht,A1
26343,25,2022,Frühschicht,A2
26344,25,2022,Frühschicht,A3
26345,25,2022,Frühschicht,A4
26346,25,2022,Frühschicht,A5
26347,25,2022,Frühschicht,P1
26348,25,2022,Frühschicht,P2
26349,25,2022,Frühschicht,P3
26350,25,2022,Frühschicht,P4
26351,25,2022,Frühschicht,P5
26352,25,2022,Frühschicht,P6
26353,25,2022,Frühschicht,P7
26354,25,2022,Frühschicht,P8
26355,25,2022,Frühschicht,P9
26356,25,2022,Frühschicht,P10
26357,25,2022,Tagesschicht,A6
26358,25,2022,Tagesschicht,A7
26359,25,2022,Tagesschicht,A8
26360,25,2022,Tagesschicht,A9
26361,25,2022,Tagesschicht,A10
26362,25,2022,Tagesschicht,P11
26363,25,2022,Tagesschicht,P12
26364,25,2022,Tagesschicht,P13
26365,25,2022,Tagesschicht,P14
26366,25,2022,Tagesschicht,P15
26367,25,2022,Tagesschicht,P16
26368,25,2022,Tagesschicht,P17
26369,25,2022,Tagesschicht,P18
26370,25,2022,Tagesschicht,P19
26371,25,2022,Tagesschicht,P20
26372,25,2022,Nachtschicht,A11
26373,25,2022,Nachtschicht,A12
26374,25,2022,Nachtschicht,P22
26375,25,2022,Nachtschicht,P23
26376,25,2022,Nachtschicht,P24
26377,25,2022,Nachtschicht,P25
26378,25,2022,Nachtschicht,P26
26379,25,2022,Nachtschicht,P27
26380,26,2022,Frühschicht,A1
26381,26,2022,Frühschicht,A2
26382,26,2022,Frühschicht,A3
26383,26,2022,Frühschicht,A4
26384,26,2022,Frühschicht,A5
26385,26,2022,Frühschicht,P1
26386,26,2022,Frühschicht,P2
26387,26,2022,Frühschicht,P3
26388,26,2022,Frühschicht,P4
26389,26,2022,Frühschicht,P5
26390,26,2022,Frühschicht,P6
26391,26,2022,Frühschicht,P7
26392,26,2022,Frühschicht,P8
26393,26,2022,Frühschicht,P9
26394,26,2022,Frühschicht,P10
26395,26,2022,Tagesschicht,A6
26396,26,2022,Tagesschicht,A7
26397,26,2022,Tagesschicht,A8
26398,26,2022,Tagesschicht,A9
26399,26,2022,Tagesschicht,A10
26400,26,2022,Tagesschicht,P11
26401,26,2022,Tagesschicht,P12
26402,26,2022,Tagesschicht,P13
26403,26,2022,Tagesschicht,P14
26404,26,2022,Tagesschicht,P15
26405,26,2022,Tagesschicht,P16
26406,26,2022,Tagesschicht,P17
26407,26,2022,Tagesschicht,P18
26408,26,2022,Tagesschicht,P19
26409,26,2022,Tagesschicht,P20
26410,26,2022,Nachtschicht,A11
26411,26,2022,Nachtschicht,A12
26412,26,2022,Nachtschicht,P22
26413,26,2022,Nachtschicht,P23
26414,26,2022,Nachtschicht,P24
26415,26,2022,Nachtschicht,P25
26416,26,2022,Nachtschicht,P26
26417,26,2022,Nachtschicht,P27
26418,27,2022,Frühschicht,A1
26419,27,2022,Frühschicht,A2
26420,27,2022,Frühschicht,A3
26421,27,2022,Frühschicht,A4
26422,27,2022,Frühschicht,A5
26423,27,2022,Frühschicht,P1
26424,27,2022,Frühschicht,P2
26425,27,2022,Frühschicht,P3
26426,27,2022,Frühschicht,P4
26427,27,2022,Frühschicht,P5
26428,27,2022,Frühschicht,P6
26429,27,2022,Frühschicht,P7
26430,27,2022,Frühschicht,P8
26431,27,2022,Frühschicht,P9
26432,27,2022,Frühschicht,P10
26433,27,2022,Tagesschicht,A6
26434,27,2022,Tagesschicht,A7
26435,27,2022,Tagesschicht,A8
26436,27,2022,Tagesschicht,A9
26437,27,2022,Tagesschicht,A10
26438,27,2022,Tagesschicht,P11
26439,27,2022,Tagesschicht,P12
26440,27,2022,Tagesschicht,P13
26441,27,2022,Tagesschicht,P14
26442,27,2022,Tagesschicht,P15
26443,27,2022,Tagesschicht,P16
26444,27,2022,Tagesschicht,P17
26445,27,2022,Tagesschicht,P18
26446,27,2022,Tagesschicht,P19
26447,27,2022,Tagesschicht,P20
26448,27,2022,Nachtschicht,A11
26449,27,2022,Nachtschicht,A12
26450,27,2022,Nachtschicht,P22
26451,27,2022,Nachtschicht,P23
26452,27,2022,Nachtschicht,P24
26453,27,2022,Nachtschicht,P25
26454,27,2022,Nachtschicht,P26
26455,27,2022,Nachtschicht,P27
26456,28,2022,Frühschicht,A1
26457,28,2022,Frühschicht,A2
26458,28,2022,Frühschicht,A3
26459,28,2022,Frühschicht,A4
26460,28,2022,Frühschicht,A5
26461,28,2022,Frühschicht,P1
26462,28,2022,Frühschicht,P2
26463,28,2022,Frühschicht,P3
26464,28,2022,Frühschicht,P4
26465,28,2022,Frühschicht,P5
26466,28,2022,Frühschicht,P6
26467,28,2022,Frühschicht,P7
26468,28,2022,Frühschicht,P8
26469,28,2022,Frühschicht,P9
26470,28,2022,Frühschicht,P10
26471,28,2022,Tagesschicht,A6
26472,28,2022,Tagesschicht,A7
26473,28,2022,Tagesschicht,A8
26474,28,2022,Tagesschicht,A9
26475,28,2022,Tagesschicht,A10
26476,28,2022,Tagesschicht,P11
26477,28,2022,Tagesschicht,P12
26478,28,2022,Tagesschicht,P13
26479,28,2022,Tagesschicht,P14
26480,28,2022,Tagesschicht,P15
26481,28,2022,Tagesschicht,P16
26482,28,2022,Tagesschicht,P17
26483,28,2022,Tagesschicht,P18
26484,28,2022,Tagesschicht,P19
26485,28,2022,Tagesschicht,P20
26486,28,2022,Nachtschicht,A11
26487,28,2022,Nachtschicht,A12
26488,28,2022,Nachtschicht,P22
26489,28,2022,Nachtschicht,P23
26490,28,2022,Nachtschicht,P24
26491,28,2022,Nachtschicht,P25
26492,28,2022,Nachtschicht,P26
26493,28,2022,Nachtschicht,P27
26494,29,2022,Frühschicht,A1
26495,29,2022,Frühschicht,A2
26496,29,2022,Frühschicht,A3
26497,29,2022,Frühschicht,A4
26498,29,2022,Frühschicht,A5
26499,29,2022,Frühschicht,P1
26500,29,2022,Frühschicht,P2
26501,29,2022,Frühschicht,P3
26502,29,2022,Frühschicht,P4
26503,29,2022,Frühschicht,P5
26504,29,2022,Frühschicht,P6
26505,29,2022,Frühschicht,P7
26506,29,2022,Frühschicht,P8
26507,29,2022,Frühschicht,P9
26508,29,2022,Frühschicht,P10
26509,29,2022,Tagesschicht,A6
26510,29,2022,Tagesschicht,A7
26511,29,2022,Tagesschicht,A8
26512,29,2022,Tagesschicht,A9
26513,29,2022,Tagesschicht,A10
26514,29,2022,Tagesschicht,P11
26515,29,2022,Tagesschicht,P12
26516,29,2022,Tagesschicht,P13
26517,29,2022,Tagesschicht,P14
26518,29,2022,Tagesschicht,P15
26519,29,2022,Tagesschicht,P16
26520,29,2022,Tagesschicht,P17
26521,29,2022,Tagesschicht,P18
26522,29,2022,Tagesschicht,P19
26523,29,2022,Tagesschicht,P20
26524,29,2022,Nachtschicht,A11
26525,29,2022,Nachtschicht,A12
26526,29,2022,Nachtschicht,P22
26527,29,2022,Nachtschicht,P23
26528,29,2022,Nachtschicht,P24
26529,29,2022,Nachtschicht,P25
26530,29,2022,Nachtschicht,P26
26531,29,2022,Nachtschicht,P27
26532,30,2022,Frühschicht,A1
26533,30,2022,Frühschicht,A2
26534,30,2022,Frühschicht,A3
26535,30,2022,Frühschicht,A4
26536,30,2022,Frühschicht,A5
26537,30,2022,Frühschicht,P1
26538,30,2022,Frühschicht,P2
26539,30,2022,Frühschicht,P3
26540,30,2022,Frühschicht,P4
26541,30,2022,Frühschicht,P5
26542,30,2022,Frühschicht,P6
26543,30,2022,Frühschicht,P7
26544,30,2022,Frühschicht,P8
26545,30,2022,Frühschicht,P9
26546,30,2022,Frühschicht,P10
26547,30,2022,Tagesschicht,A6
26548,30,2022,Tagesschicht,A7
26549,30,2022,Tagesschicht,A8
26550,30,2022,Tagesschicht,A9
26551,30,2022,Tagesschicht,A10
26552,30,2022,Tagesschicht,P11
26553,30,2022,Tagesschicht,P12
26554,30,2022,Tagesschicht,P13
26555,30,2022,Tagesschicht,P14
26556,30,2022,Tagesschicht,P15
26557,30,2022,Tagesschicht,P16
26558,30,2022,Tagesschicht,P17
26559,30,2022,Tagesschicht,P18
26560,30,2022,Tagesschicht,P19
26561,30,2022,Tagesschicht,P20
26562,30,2022,Nachtschicht,A11
26563,30,2022,Nachtschicht,A12
26564,30,2022,Nachtschicht,P22
26565,30,2022,Nachtschicht,P23
26566,30,2022,Nachtschicht,P24
26567,30,2022,Nachtschicht,P25
26568,30,2022,Nachtschicht,P26
26569,30,2022,Nachtschicht,P27
26570,31,2022,Frühschicht,A1
26571,31,2022,Frühschicht,A2
26572,31,2022,Frühschicht,A3
26573,31,2022,Frühschicht,A4
26574,31,2022,Frühschicht,A5
26575,31,2022,Frühschicht,P1
26576,31,2022,Frühschicht,P2
26577,31,2022,Frühschicht,P3
26578,31,2022,Frühschicht,P4
26579,31,2022,Frühschicht,P5
26580,31,2022,Frühschicht,P6
26581,31,2022,Frühschicht,P7
26582,31,2022,Frühschicht,P8
26583,31,2022,Frühschicht,P9
26584,31,2022,Frühschicht,P10
26585,31,2022,Tagesschicht,A6
26586,31,2022,Tagesschicht,A7
26587,31,2022,Tagesschicht,A8
26588,31,2022,Tagesschicht,A9
26589,31,2022,Tagesschicht,A10
26590,31,2022,Tagesschicht,P11
26591,31,2022,Tagesschicht,P12
26592,31,2022,Tagesschicht,P13
26593,31,2022,Tagesschicht,P14
26594,31,2022,Tagesschicht,P15
26595,31,2022,Tagesschicht,P16
26596,31,2022,Tagesschicht,P17
26597,31,2022,Tagesschicht,P18
26598,31,2022,Tagesschicht,P19
26599,31,2022,Tagesschicht,P20
26600,31,2022,Nachtschicht,A11
26601,31,2022,Nachtschicht,A12
26602,31,2022,Nachtschicht,P22
26603,31,2022,Nachtschicht,P23
26604,31,2022,Nachtschicht,P24
26605,31,2022,Nachtschicht,P25
26606,31,2022,Nachtschicht,P26
26607,31,2022,Nachtschicht,P27
26608,32,2022,Frühschicht,A1
26609,32,2022,Frühschicht,A2
26610,32,2022,Frühschicht,A3
26611,32,2022,Frühschicht,A4
26612,32,2022,Frühschicht,A5
26613,32,2022,Frühschicht,P1
26614,32,2022,Frühschicht,P2
26615,32,2022,Frühschicht,P3
26616,32,2022,Frühschicht,P4
26617,32,2022,Frühschicht,P5
26618,32,2022,Frühschicht,P6
26619,32,2022,Frühschicht,P7
26620,32,2022,Frühschicht,P8
26621,32,2022,Frühschicht,P9
26622,32,2022,Frühschicht,P10
26623,32,2022,Tagesschicht,A6
26624,32,2022,Tagesschicht,A7
26625,32,2022,Tagesschicht,A8
26626,32,2022,Tagesschicht,A9
26627,32,2022,Tagesschicht,A10
26628,32,2022,Tagesschicht,P11
26629,32,2022,Tagesschicht,P12
26630,32,2022,Tagesschicht,P13
26631,32,2022,Tagesschicht,P14
26632,32,2022,Tagesschicht,P15
26633,32,2022,Tagesschicht,P16
26634,32,2022,Tagesschicht,P17
26635,32,2022,Tagesschicht,P18
26636,32,2022,Tagesschicht,P19
26637,32,2022,Tagesschicht,P20
26638,32,2022,Nachtschicht,A11
26639,32,2022,Nachtschicht,A12
26640,32,2022,Nachtschicht,P22
26641,32,2022,Nachtschicht,P23
26642,32,2022,Nachtschicht,P24
26643,32,2022,Nachtschicht,P25
26644,32,2022,Nachtschicht,P26
26645,32,2022,Nachtschicht,P27
26646,33,2022,Frühschicht,A1
26647,33,2022,Frühschicht,A2
26648,33,2022,Frühschicht,A3
26649,33,2022,Frühschicht,A4
26650,33,2022,Frühschicht,A5
26651,33,2022,Frühschicht,P1
26652,33,2022,Frühschicht,P2
26653,33,2022,Frühschicht,P3
26654,33,2022,Frühschicht,P4
26655,33,2022,Frühschicht,P5
26656,33,2022,Frühschicht,P6
26657,33,2022,Frühschicht,P7
26658,33,2022,Frühschicht,P8
26659,33,2022,Frühschicht,P9
26660,33,2022,Frühschicht,P10
26661,33,2022,Tagesschicht,A6
26662,33,2022,Tagesschicht,A7
26663,33,2022,Tagesschicht,A8
26664,33,2022,Tagesschicht,A9
26665,33,2022,Tagesschicht,A10
26666,33,2022,Tagesschicht,P11
26667,33,2022,Tagesschicht,P12
26668,33,2022,Tagesschicht,P13
26669,33,2022,Tagesschicht,P14
26670,33,2022,Tagesschicht,P15
26671,33,2022,Tagesschicht,P16
26672,33,2022,Tagesschicht,P17
26673,33,2022,Tagesschicht,P18
26674,33,2022,Tagesschicht,P19
26675,33,2022,Tagesschicht,P20
26676,33,2022,Nachtschicht,A11
26677,33,2022,Nachtschicht,A12
26678,33,2022,Nachtschicht,P22
26679,33,2022,Nachtschicht,P23
26680,33,2022,Nachtschicht,P24
26681,33,2022,Nachtschicht,P25
26682,33,2022,Nachtschicht,P26
26683,33,2022,Nachtschicht,P27
26684,34,2022,Frühschicht,A1
26685,34,2022,Frühschicht,A2
26686,34,2022,Frühschicht,A3
26687,34,2022,Frühschicht,A4
26688,34,2022,Frühschicht,A5
26689,34,2022,Frühschicht,P1
26690,34,2022,Frühschicht,P2
26691,34,2022,Frühschicht,P3
26692,34,2022,Frühschicht,P4
26693,34,2022,Frühschicht,P5
26694,34,2022,Frühschicht,P6
26695,34,2022,Frühschicht,P7
26696,34,2022,Frühschicht,P8
26697,34,2022,Frühschicht,P9
26698,34,2022,Frühschicht,P10
26699,34,2022,Tagesschicht,A6
26700,34,2022,Tagesschicht,A7
26701,34,2022,Tagesschicht,A8
26702,34,2022,Tagesschicht,A9
26703,34,2022,Tagesschicht,A10
26704,34,2022,Tagesschicht,P11
26705,34,2022,Tagesschicht,P12
26706,34,2022,Tagesschicht,P13
26707,34,2022,Tagesschicht,P14
26708,34,2022,Tagesschicht,P15
26709,34,2022,Tagesschicht,P16
26710,34,2022,Tagesschicht,P17
26711,34,2022,Tagesschicht,P18
26712,34,2022,Tagesschicht,P19
26713,34,2022,Tagesschicht,P20
26714,34,2022,Nachtschicht,A11
26715,34,2022,Nachtschicht,A12
26716,34,2022,Nachtschicht,P22
26717,34,2022,Nachtschicht,P23
26718,34,2022,Nachtschicht,P24
26719,34,2022,Nachtschicht,P25
26720,34,2022,Nachtschicht,P26
26721,34,2022,Nachtschicht,P27
26722,35,2022,Frühschicht,A1
26723,35,2022,Frühschicht,A2
26724,35,2022,Frühschicht,A3
26725,35,2022,Frühschicht,A4
26726,35,2022,Frühschicht,A5
26727,35,2022,Frühschicht,P1
26728,35,2022,Frühschicht,P2
26729,35,2022,Frühschicht,P3
26730,35,2022,Frühschicht,P4
26731,35,2022,Frühschicht,P5
26732,35,2022,Frühschicht,P6
26733,35,2022,Frühschicht,P7
26734,35,2022,Frühschicht,P8
26735,35,2022,Frühschicht,P9
26736,35,2022,Frühschicht,P10
26737,35,2022,Tagesschicht,A6
26738,35,2022,Tagesschicht,A7
26739,35,2022,Tagesschicht,A8
26740,35,2022,Tagesschicht,A9
26741,35,2022,Tagesschicht,A10
26742,35,2022,Tagesschicht,P11
26743,35,2022,Tagesschicht,P12
26744,35,2022,Tagesschicht,P13
26745,35,2022,Tagesschicht,P14
26746,35,2022,Tagesschicht,P15
26747,35,2022,Tagesschicht,P16
26748,35,2022,Tagesschicht,P17
26749,35,2022,Tagesschicht,P18
26750,35,2022,Tagesschicht,P19
26751,35,2022,Tagesschicht,P20
26752,35,2022,Nachtschicht,A11
26753,35,2022,Nachtschicht,A12
26754,35,2022,Nachtschicht,P22
26755,35,2022,Nachtschicht,P23
26756,35,2022,Nachtschicht,P24
26757,35,2022,Nachtschicht,P25
26758,35,2022,Nachtschicht,P26
26759,35,2022,Nachtschicht,P27
26760,36,2022,Frühschicht,A1
26761,36,2022,Frühschicht,A2
26762,36,2022,Frühschicht,A3
26763,36,2022,Frühschicht,A4
26764,36,2022,Frühschicht,A5
26765,36,2022,Frühschicht,P1
26766,36,2022,Frühschicht,P2
26767,36,2022,Frühschicht,P3
26768,36,2022,Frühschicht,P4
26769,36,2022,Frühschicht,P5
26770,36,2022,Frühschicht,P6
26771,36,2022,Frühschicht,P7
26772,36,2022,Frühschicht,P8
26773,36,2022,Frühschicht,P9
26774,36,2022,Frühschicht,P10
26775,36,2022,Tagesschicht,A6
26776,36,2022,Tagesschicht,A7
26777,36,2022,Tagesschicht,A8
26778,36,2022,Tagesschicht,A9
26779,36,2022,Tagesschicht,A10
26780,36,2022,Tagesschicht,P11
26781,36,2022,Tagesschicht,P12
26782,36,2022,Tagesschicht,P13
26783,36,2022,Tagesschicht,P14
26784,36,2022,Tagesschicht,P15
26785,36,2022,Tagesschicht,P16
26786,36,2022,Tagesschicht,P17
26787,36,2022,Tagesschicht,P18
26788,36,2022,Tagesschicht,P19
26789,36,2022,Tagesschicht,P20
26790,36,2022,Nachtschicht,A11
26791,36,2022,Nachtschicht,A12
26792,36,2022,Nachtschicht,P22
26793,36,2022,Nachtschicht,P23
26794,36,2022,Nachtschicht,P24
26795,36,2022,Nachtschicht,P25
26796,36,2022,Nachtschicht,P26
26797,36,2022,Nachtschicht,P27
26798,37,2022,Frühschicht,A1
26799,37,2022,Frühschicht,A2
26800,37,2022,Frühschicht,A3
26801,37,2022,Frühschicht,A4
26802,37,2022,Frühschicht,A5
26803,37,2022,Frühschicht,P1
26804,37,2022,Frühschicht,P2
26805,37,2022,Frühschicht,P3
26806,37,2022,Frühschicht,P4
26807,37,2022,Frühschicht,P5
26808,37,2022,Frühschicht,P6
26809,37,2022,Frühschicht,P7
26810,37,2022,Frühschicht,P8
26811,37,2022,Frühschicht,P9
26812,37,2022,Frühschicht,P10
26813,37,2022,Tagesschicht,A6
26814,37,2022,Tagesschicht,A7
26815,37,2022,Tagesschicht,A8
26816,37,2022,Tagesschicht,A9
26817,37,2022,Tagesschicht,A10
26818,37,2022,Tagesschicht,P11
26819,37,2022,Tagesschicht,P12
26820,37,2022,Tagesschicht,P13
26821,37,2022,Tagesschicht,P14
26822,37,2022,Tagesschicht,P15
26823,37,2022,Tagesschicht,P16
26824,37,2022,Tagesschicht,P17
26825,37,2022,Tagesschicht,P18
26826,37,2022,Tagesschicht,P19
26827,37,2022,Tagesschicht,P20
26828,37,2022,Nachtschicht,A11
26829,37,2022,Nachtschicht,A12
26830,37,2022,Nachtschicht,P22
26831,37,2022,Nachtschicht,P23
26832,37,2022,Nachtschicht,P24
26833,37,2022,Nachtschicht,P25
26834,37,2022,Nachtschicht,P26
26835,37,2022,Nachtschicht,P27
26836,38,2022,Frühschicht,A1
26837,38,2022,Frühschicht,A2
26838,38,2022,Frühschicht,A3
26839,38,2022,Frühschicht,A4
26840,38,2022,Frühschicht,A5
26841,38,2022,Frühschicht,P1
26842,38,2022,Frühschicht,P2
26843,38,2022,Frühschicht,P3
26844,38,2022,Frühschicht,P4
26845,38,2022,Frühschicht,P5
26846,38,2022,Frühschicht,P6
26847,38,2022,Frühschicht,P7
26848,38,2022,Frühschicht,P8
26849,38,2022,Frühschicht,P9
26850,38,2022,Frühschicht,P10
26851,38,2022,Tagesschicht,A6
26852,38,2022,Tagesschicht,A7
26853,38,2022,Tagesschicht,A8
26854,38,2022,Tagesschicht,A9
26855,38,2022,Tagesschicht,A10
26856,38,2022,Tagesschicht,P11
26857,38,2022,Tagesschicht,P12
26858,38,2022,Tagesschicht,P13
26859,38,2022,Tagesschicht,P14
26860,38,2022,Tagesschicht,P15
26861,38,2022,Tagesschicht,P16
26862,38,2022,Tagesschicht,P17
26863,38,2022,Tagesschicht,P18
26864,38,2022,Tagesschicht,P19
26865,38,2022,Tagesschicht,P20
26866,38,2022,Nachtschicht,A11
26867,38,2022,Nachtschicht,A12
26868,38,2022,Nachtschicht,P22
26869,38,2022,Nachtschicht,P23
26870,38,2022,Nachtschicht,P24
26871,38,2022,Nachtschicht,P25
26872,38,2022,Nachtschicht,P26
26873,38,2022,Nachtschicht,P27
26874,39,2022,Frühschicht,A1
26875,39,2022,Frühschicht,A2
26876,39,2022,Frühschicht,A3
26877,39,2022,Frühschicht,A4
26878,39,2022,Frühschicht,A5
26879,39,2022,Frühschicht,P1
26880,39,2022,Frühschicht,P2
26881,39,2022,Frühschicht,P3
26882,39,2022,Frühschicht,P4
26883,39,2022,Frühschicht,P5
26884,39,2022,Frühschicht,P6
26885,39,2022,Frühschicht,P7
26886,39,2022,Frühschicht,P8
26887,39,2022,Frühschicht,P9
26888,39,2022,Frühschicht,P10
26889,39,2022,Tagesschicht,A6
26890,39,2022,Tagesschicht,A7
26891,39,2022,Tagesschicht,A8
26892,39,2022,Tagesschicht,A9
26893,39,2022,Tagesschicht,A10
26894,39,2022,Tagesschicht,P11
26895,39,2022,Tagesschicht,P12
26896,39,2022,Tagesschicht,P13
26897,39,2022,Tagesschicht,P14
26898,39,2022,Tagesschicht,P15
26899,39,2022,Tagesschicht,P16
26900,39,2022,Tagesschicht,P17
26901,39,2022,Tagesschicht,P18
26902,39,2022,Tagesschicht,P19
26903,39,2022,Tagesschicht,P20
26904,39,2022,Nachtschicht,A11
26905,39,2022,Nachtschicht,A12
26906,39,2022,Nachtschicht,P22
26907,39,2022,Nachtschicht,P23
26908,39,2022,Nachtschicht,P24
26909,39,2022,Nachtschicht,P25
26910,39,2022,Nachtschicht,P26
26911,39,2022,Nachtschicht,P27
26912,40,2022,Frühschicht,A1
26913,40,2022,Frühschicht,A2
26914,40,2022,Frühschicht,A3
26915,40,2022,Frühschicht,A4
26916,40,2022,Frühschicht,A5
26917,40,2022,Frühschicht,P1
26918,40,2022,Frühschicht,P2
26919,40,2022,Frühschicht,P3
26920,40,2022,Frühschicht,P4
26921,40,2022,Frühschicht,P5
26922,40,2022,Frühschicht,P6
26923,40,2022,Frühschicht,P7
26924,40,2022,Frühschicht,P8
26925,40,2022,Frühschicht,P9
26926,40,2022,Frühschicht,P10
26927,40,2022,Tagesschicht,A6
26928,40,2022,Tagesschicht,A7
26929,40,2022,Tagesschicht,A8
26930,40,2022,Tagesschicht,A9
26931,40,2022,Tagesschicht,A10
26932,40,2022,Tagesschicht,P11
26933,40,2022,Tagesschicht,P12
26934,40,2022,Tagesschicht,P13
26935,40,2022,Tagesschicht,P14
26936,40,2022,Tagesschicht,P15
26937,40,2022,Tagesschicht,P16
26938,40,2022,Tagesschicht,P17
26939,40,2022,Tagesschicht,P18
26940,40,2022,Tagesschicht,P19
26941,40,2022,Tagesschicht,P20
26942,40,2022,Nachtschicht,A11
26943,40,2022,Nachtschicht,A12
26944,40,2022,Nachtschicht,P22
26945,40,2022,Nachtschicht,P23
26946,40,2022,Nachtschicht,P24
26947,40,2022,Nachtschicht,P25
26948,40,2022,Nachtschicht,P26
26949,40,2022,Nachtschicht,P27
26950,41,2022,Frühschicht,A1
26951,41,2022,Frühschicht,A2
26952,41,2022,Frühschicht,A3
26953,41,2022,Frühschicht,A4
26954,41,2022,Frühschicht,A5
26955,41,2022,Frühschicht,P1
26956,41,2022,Frühschicht,P2
26957,41,2022,Frühschicht,P3
26958,41,2022,Frühschicht,P4
26959,41,2022,Frühschicht,P5
26960,41,2022,Frühschicht,P6
26961,41,2022,Frühschicht,P7
26962,41,2022,Frühschicht,P8
26963,41,2022,Frühschicht,P9
26964,41,2022,Frühschicht,P10
26965,41,2022,Tagesschicht,A6
26966,41,2022,Tagesschicht,A7
26967,41,2022,Tagesschicht,A8
26968,41,2022,Tagesschicht,A9
26969,41,2022,Tagesschicht,A10
26970,41,2022,Tagesschicht,P11
26971,41,2022,Tagesschicht,P12
26972,41,2022,Tagesschicht,P13
26973,41,2022,Tagesschicht,P14
26974,41,2022,Tagesschicht,P15
26975,41,2022,Tagesschicht,P16
26976,41,2022,Tagesschicht,P17
26977,41,2022,Tagesschicht,P18
26978,41,2022,Tagesschicht,P19
26979,41,2022,Tagesschicht,P20
26980,41,2022,Nachtschicht,A11
26981,41,2022,Nachtschicht,A12
26982,41,2022,Nachtschicht,P22
26983,41,2022,Nachtschicht,P23
26984,41,2022,Nachtschicht,P24
26985,41,2022,Nachtschicht,P25
26986,41,2022,Nachtschicht,P26
26987,41,2022,Nachtschicht,P27
26988,42,2022,Frühschicht,A1
26989,42,2022,Frühschicht,A2
26990,42,2022,Frühschicht,A3
26991,42,2022,Frühschicht,A4
26992,42,2022,Frühschicht,A5
26993,42,2022,Frühschicht,P1
26994,42,2022,Frühschicht,P2
26995,42,2022,Frühschicht,P3
26996,42,2022,Frühschicht,P4
26997,42,2022,Frühschicht,P5
26998,42,2022,Frühschicht,P6
26999,42,2022,Frühschicht,P7
27000,42,2022,Frühschicht,P8
27001,42,2022,Frühschicht,P9
27002,42,2022,Frühschicht,P10
27003,42,2022,Tagesschicht,A6
27004,42,2022,Tagesschicht,A7
27005,42,2022,Tagesschicht,A8
27006,42,2022,Tagesschicht,A9
27007,42,2022,Tagesschicht,A10
27008,42,2022,Tagesschicht,P11
27009,42,2022,Tagesschicht,P12
27010,42,2022,Tagesschicht,P13
27011,42,2022,Tagesschicht,P14
27012,42,2022,Tagesschicht,P15
27013,42,2022,Tagesschicht,P16
27014,42,2022,Tagesschicht,P17
27015,42,2022,Tagesschicht,P18
27016,42,2022,Tagesschicht,P19
27017,42,2022,Tagesschicht,P20
27018,42,2022,Nachtschicht,A11
27019,42,2022,Nachtschicht,A12
27020,42,2022,Nachtschicht,P22
27021,42,2022,Nachtschicht,P23
27022,42,2022,Nachtschicht,P24
27023,42,2022,Nachtschicht,P25
27024,42,2022,Nachtschicht,P26
27025,42,2022,Nachtschicht,P27
27026,43,2022,Frühschicht,A1
27027,43,2022,Frühschicht,A2
27028,43,2022,Frühschicht,A3
27029,43,2022,Frühschicht,A4
27030,43,2022,Frühschicht,A5
27031,43,2022,Frühschicht,P1
27032,43,2022,Frühschicht,P2
27033,43,2022,Frühschicht,P3
27034,43,2022,Frühschicht,P4
27035,43,2022,Frühschicht,P5
27036,43,2022,Frühschicht,P6
27037,43,2022,Frühschicht,P7
27038,43,2022,Frühschicht,P8
27039,43,2022,Frühschicht,P9
27040,43,2022,Frühschicht,P10
27041,43,2022,Tagesschicht,A6
27042,43,2022,Tagesschicht,A7
27043,43,2022,Tagesschicht,A8
27044,43,2022,Tagesschicht,A9
27045,43,2022,Tagesschicht,A10
27046,43,2022,Tagesschicht,P11
27047,43,2022,Tagesschicht,P12
27048,43,2022,Tagesschicht,P13
27049,43,2022,Tagesschicht,P14
27050,43,2022,Tagesschicht,P15
27051,43,2022,Tagesschicht,P16
27052,43,2022,Tagesschicht,P17
27053,43,2022,Tagesschicht,P18
27054,43,2022,Tagesschicht,P19
27055,43,2022,Tagesschicht,P20
27056,43,2022,Nachtschicht,A11
27057,43,2022,Nachtschicht,A12
27058,43,2022,Nachtschicht,P22
27059,43,2022,Nachtschicht,P23
27060,43,2022,Nachtschicht,P24
27061,43,2022,Nachtschicht,P25
27062,43,2022,Nachtschicht,P26
27063,43,2022,Nachtschicht,P27
27064,44,2022,Frühschicht,A1
27065,44,2022,Frühschicht,A2
27066,44,2022,Frühschicht,A3
27067,44,2022,Frühschicht,A4
27068,44,2022,Frühschicht,A5
27069,44,2022,Frühschicht,P1
27070,44,2022,Frühschicht,P2
27071,44,2022,Frühschicht,P3
27072,44,2022,Frühschicht,P4
27073,44,2022,Frühschicht,P5
27074,44,2022,Frühschicht,P6
27075,44,2022,Frühschicht,P7
27076,44,2022,Frühschicht,P8
27077,44,2022,Frühschicht,P9
27078,44,2022,Frühschicht,P10
27079,44,2022,Tagesschicht,A6
27080,44,2022,Tagesschicht,A7
27081,44,2022,Tagesschicht,A8
27082,44,2022,Tagesschicht,A9
27083,44,2022,Tagesschicht,A10
27084,44,2022,Tagesschicht,P11
27085,44,2022,Tagesschicht,P12
27086,44,2022,Tagesschicht,P13
27087,44,2022,Tagesschicht,P14
27088,44,2022,Tagesschicht,P15
27089,44,2022,Tagesschicht,P16
27090,44,2022,Tagesschicht,P17
27091,44,2022,Tagesschicht,P18
27092,44,2022,Tagesschicht,P19
27093,44,2022,Tagesschicht,P20
27094,44,2022,Nachtschicht,A11
27095,44,2022,Nachtschicht,A12
27096,44,2022,Nachtschicht,P22
27097,44,2022,Nachtschicht,P23
27098,44,2022,Nachtschicht,P24
27099,44,2022,Nachtschicht,P25
27100,44,2022,Nachtschicht,P26
27101,44,2022,Nachtschicht,P27
27102,45,2022,Frühschicht,A1
27103,45,2022,Frühschicht,A2
27104,45,2022,Frühschicht,A3
27105,45,2022,Frühschicht,A4
27106,45,2022,Frühschicht,A5
27107,45,2022,Frühschicht,P1
27108,45,2022,Frühschicht,P2
27109,45,2022,Frühschicht,P3
27110,45,2022,Frühschicht,P4
27111,45,2022,Frühschicht,P5
27112,45,2022,Frühschicht,P6
27113,45,2022,Frühschicht,P7
27114,45,2022,Frühschicht,P8
27115,45,2022,Frühschicht,P9
27116,45,2022,Frühschicht,P10
27117,45,2022,Tagesschicht,A6
27118,45,2022,Tagesschicht,A7
27119,45,2022,Tagesschicht,A8
27120,45,2022,Tagesschicht,A9
27121,45,2022,Tagesschicht,A10
27122,45,2022,Tagesschicht,P11
27123,45,2022,Tagesschicht,P12
27124,45,2022,Tagesschicht,P13
27125,45,2022,Tagesschicht,P14
27126,45,2022,Tagesschicht,P15
27127,45,2022,Tagesschicht,P16
27128,45,2022,Tagesschicht,P17
27129,45,2022,Tagesschicht,P18
27130,45,2022,Tagesschicht,P19
27131,45,2022,Tagesschicht,P20
27132,45,2022,Nachtschicht,A11
27133,45,2022,Nachtschicht,A12
27134,45,2022,Nachtschicht,P22
27135,45,2022,Nachtschicht,P23
27136,45,2022,Nachtschicht,P24
27137,45,2022,Nachtschicht,P25
27138,45,2022,Nachtschicht,P26
27139,45,2022,Nachtschicht,P27
27140,46,2022,Frühschicht,A1
27141,46,2022,Frühschicht,A2
27142,46,2022,Frühschicht,A3
27143,46,2022,Frühschicht,A4
27144,46,2022,Frühschicht,A5
27145,46,2022,Frühschicht,P1
27146,46,2022,Frühschicht,P2
27147,46,2022,Frühschicht,P3
27148,46,2022,Frühschicht,P4
27149,46,2022,Frühschicht,P5
27150,46,2022,Frühschicht,P6
27151,46,2022,Frühschicht,P7
27152,46,2022,Frühschicht,P8
27153,46,2022,Frühschicht,P9
27154,46,2022,Frühschicht,P10
27155,46,2022,Tagesschicht,A6
27156,46,2022,Tagesschicht,A7
27157,46,2022,Tagesschicht,A8
27158,46,2022,Tagesschicht,A9
27159,46,2022,Tagesschicht,A10
27160,46,2022,Tagesschicht,P11
27161,46,2022,Tagesschicht,P12
27162,46,2022,Tagesschicht,P13
27163,46,2022,Tagesschicht,P14
27164,46,2022,Tagesschicht,P15
27165,46,2022,Tagesschicht,P16
27166,46,2022,Tagesschicht,P17
27167,46,2022,Tagesschicht,P18
27168,46,2022,Tagesschicht,P19
27169,46,2022,Tagesschicht,P20
27170,46,2022,Nachtschicht,A11
27171,46,2022,Nachtschicht,A12
27172,46,2022,Nachtschicht,P22
27173,46,2022,Nachtschicht,P23
27174,46,2022,Nachtschicht,P24
27175,46,2022,Nachtschicht,P25
27176,46,2022,Nachtschicht,P26
27177,46,2022,Nachtschicht,P27
27178,47,2022,Frühschicht,A1
27179,47,2022,Frühschicht,A2
27180,47,2022,Frühschicht,A3
27181,47,2022,Frühschicht,A4
27182,47,2022,Frühschicht,A5
27183,47,2022,Frühschicht,P1
27184,47,2022,Frühschicht,P2
27185,47,2022,Frühschicht,P3
27186,47,2022,Frühschicht,P4
27187,47,2022,Frühschicht,P5
27188,47,2022,Frühschicht,P6
27189,47,2022,Frühschicht,P7
27190,47,2022,Frühschicht,P8
27191,47,2022,Frühschicht,P9
27192,47,2022,Frühschicht,P10
27193,47,2022,Tagesschicht,A6
27194,47,2022,Tagesschicht,A7
27195,47,2022,Tagesschicht,A8
27196,47,2022,Tagesschicht,A9
27197,47,2022,Tagesschicht,A10
27198,47,2022,Tagesschicht,P11
27199,47,2022,Tagesschicht,P12
27200,47,2022,Tagesschicht,P13
27201,47,2022,Tagesschicht,P14
27202,47,2022,Tagesschicht,P15
27203,47,2022,Tagesschicht,P16
27204,47,2022,Tagesschicht,P17
27205,47,2022,Tagesschicht,P18
27206,47,2022,Tagesschicht,P19
27207,47,2022,Tagesschicht,P20
27208,47,2022,Nachtschicht,A11
27209,47,2022,Nachtschicht,A12
27210,47,2022,Nachtschicht,P22
27211,47,2022,Nachtschicht,P23
27212,47,2022,Nachtschicht,P24
27213,47,2022,Nachtschicht,P25
27214,47,2022,Nachtschicht,P26
27215,47,2022,Nachtschicht,P27
27216,48,2022,Frühschicht,A1
27217,48,2022,Frühschicht,A2
27218,48,2022,Frühschicht,A3
27219,48,2022,Frühschicht,A4
27220,48,2022,Frühschicht,A5
27221,48,2022,Frühschicht,P1
27222,48,2022,Frühschicht,P2
27223,48,2022,Frühschicht,P3
27224,48,2022,Frühschicht,P4
27225,48,2022,Frühschicht,P5
27226,48,2022,Frühschicht,P6
27227,48,2022,Frühschicht,P7
27228,48,2022,Frühschicht,P8
27229,48,2022,Frühschicht,P9
27230,48,2022,Frühschicht,P10
27231,48,2022,Tagesschicht,A6
27232,48,2022,Tagesschicht,A7
27233,48,2022,Tagesschicht,A8
27234,48,2022,Tagesschicht,A9
27235,48,2022,Tagesschicht,A10
27236,48,2022,Tagesschicht,P11
27237,48,2022,Tagesschicht,P12
27238,48,2022,Tagesschicht,P13
27239,48,2022,Tagesschicht,P14
27240,48,2022,Tagesschicht,P15
27241,48,2022,Tagesschicht,P16
27242,48,2022,Tagesschicht,P17
27243,48,2022,Tagesschicht,P18
27244,48,2022,Tagesschicht,P19
27245,48,2022,Tagesschicht,P20
27246,48,2022,Nachtschicht,A11
27247,48,2022,Nachtschicht,A12
27248,48,2022,Nachtschicht,P22
27249,48,2022,Nachtschicht,P23
27250,48,2022,Nachtschicht,P24
27251,48,2022,Nachtschicht,P25
27252,48,2022,Nachtschicht,P26
27253,48,2022,Nachtschicht,P27
27254,49,2022,Frühschicht,A1
27255,49,2022,Frühschicht,A2
27256,49,2022,Frühschicht,A3
27257,49,2022,Frühschicht,A4
27258,49,2022,Frühschicht,A5
27259,49,2022,Frühschicht,P1
27260,49,2022,Frühschicht,P2
27261,49,2022,Frühschicht,P3
27262,49,2022,Frühschicht,P4
27263,49,2022,Frühschicht,P5
27264,49,2022,Frühschicht,P6
27265,49,2022,Frühschicht,P7
27266,49,2022,Frühschicht,P8
27267,49,2022,Frühschicht,P9
27268,49,2022,Frühschicht,P10
27269,49,2022,Tagesschicht,A6
27270,49,2022,Tagesschicht,A7
27271,49,2022,Tagesschicht,A8
27272,49,2022,Tagesschicht,A9
27273,49,2022,Tagesschicht,A10
27274,49,2022,Tagesschicht,P11
27275,49,2022,Tagesschicht,P12
27276,49,2022,Tagesschicht,P13
27277,49,2022,Tagesschicht,P14
27278,49,2022,Tagesschicht,P15
27279,49,2022,Tagesschicht,P16
27280,49,2022,Tagesschicht,P17
27281,49,2022,Tagesschicht,P18
27282,49,2022,Tagesschicht,P19
27283,49,2022,Tagesschicht,P20
27284,49,2022,Nachtschicht,A11
27285,49,2022,Nachtschicht,A12
27286,49,2022,Nachtschicht,P22
27287,49,2022,Nachtschicht,P23
27288,49,2022,Nachtschicht,P24
27289,49,2022,Nachtschicht,P25
27290,49,2022,Nachtschicht,P26
27291,49,2022,Nachtschicht,P27
27292,50,2022,Frühschicht,A1
27293,50,2022,Frühschicht,A2
27294,50,2022,Frühschicht,A3
27295,50,2022,Frühschicht,A4
27296,50,2022,Frühschicht,A5
27297,50,2022,Frühschicht,P1
27298,50,2022,Frühschicht,P2
27299,50,2022,Frühschicht,P3
27300,50,2022,Frühschicht,P4
27301,50,2022,Frühschicht,P5
27302,50,2022,Frühschicht,P6
27303,50,2022,Frühschicht,P7
27304,50,2022,Frühschicht,P8
27305,50,2022,Frühschicht,P9
27306,50,2022,Frühschicht,P10
27307,50,2022,Tagesschicht,A6
27308,50,2022,Tagesschicht,A7
27309,50,2022,Tagesschicht,A8
27310,50,2022,Tagesschicht,A9
27311,50,2022,Tagesschicht,A10
27312,50,2022,Tagesschicht,P11
27313,50,2022,Tagesschicht,P12
27314,50,2022,Tagesschicht,P13
27315,50,2022,Tagesschicht,P14
27316,50,2022,Tagesschicht,P15
27317,50,2022,Tagesschicht,P16
27318,50,2022,Tagesschicht,P17
27319,50,2022,Tagesschicht,P18
27320,50,2022,Tagesschicht,P19
27321,50,2022,Tagesschicht,P20
27322,50,2022,Nachtschicht,A11
27323,50,2022,Nachtschicht,A12
27324,50,2022,Nachtschicht,P22
27325,50,2022,Nachtschicht,P23
27326,50,2022,Nachtschicht,P24
27327,50,2022,Nachtschicht,P25
27328,50,2022,Nachtschicht,P26
27329,50,2022,Nachtschicht,P27
27330,51,2022,Frühschicht,A1
27331,51,2022,Frühschicht,A2
27332,51,2022,Frühschicht,A3
27333,51,2022,Frühschicht,A4
27334,51,2022,Frühschicht,A5
27335,51,2022,Frühschicht,P1
27336,51,2022,Frühschicht,P2
27337,51,2022,Frühschicht,P3
27338,51,2022,Frühschicht,P4
27339,51,2022,Frühschicht,P5
27340,51,2022,Frühschicht,P6
27341,51,2022,Frühschicht,P7
27342,51,2022,Frühschicht,P8
27343,51,2022,Frühschicht,P9
27344,51,2022,Frühschicht,P10
27345,51,2022,Tagesschicht,A6
27346,51,2022,Tagesschicht,A7
27347,51,2022,Tagesschicht,A8
27348,51,2022,Tagesschicht,A9
27349,51,2022,Tagesschicht,A10
27350,51,2022,Tagesschicht,P11
27351,51,2022,Tagesschicht,P12
27352,51,2022,Tagesschicht,P13
27353,51,2022,Tagesschicht,P14
27354,51,2022,Tagesschicht,P15
27355,51,2022,Tagesschicht,P16
27356,51,2022,Tagesschicht,P17
27357,51,2022,Tagesschicht,P18
27358,51,2022,Tagesschicht,P19
27359,51,2022,Tagesschicht,P20
27360,51,2022,Nachtschicht,A11
27361,51,2022,Nachtschicht,A12
27362,51,2022,Nachtschicht,P22
27363,51,2022,Nachtschicht,P23
27364,51,2022,Nachtschicht,P24
27365,51,2022,Nachtschicht,P25
27366,51,2022,Nachtschicht,P26
27367,51,2022,Nachtschicht,P27
27368,52,2022,Frühschicht,A1
27369,52,2022,Frühschicht,A2
27370,52,2022,Frühschicht,A3
27371,52,2022,Frühschicht,A4
27372,52,2022,Frühschicht,A5
27373,52,2022,Frühschicht,P1
27374,52,2022,Frühschicht,P2
27375,52,2022,Frühschicht,P3
27376,52,2022,Frühschicht,P4
27377,52,2022,Frühschicht,P5
27378,52,2022,Frühschicht,P6
27379,52,2022,Frühschicht,P7
27380,52,2022,Frühschicht,P8
27381,52,2022,Frühschicht,P9
27382,52,2022,Frühschicht,P10
27383,52,2022,Tagesschicht,A6
27384,52,2022,Tagesschicht,A7
27385,52,2022,Tagesschicht,A8
27386,52,2022,Tagesschicht,A9
27387,52,2022,Tagesschicht,A10
27388,52,2022,Tagesschicht,P11
27389,52,2022,Tagesschicht,P12
27390,52,2022,Tagesschicht,P13
27391,52,2022,Tagesschicht,P14
27392,52,2022,Tagesschicht,P15
27393,52,2022,Tagesschicht,P16
27394,52,2022,Tagesschicht,P17
27395,52,2022,Tagesschicht,P18
27396,52,2022,Tagesschicht,P19
27397,52,2022,Tagesschicht,P20
27398,52,2022,Nachtschicht,A11
27399,52,2022,Nachtschicht,A12
27400,52,2022,Nachtschicht,P22
27401,52,2022,Nachtschicht,P23
27402,52,2022,Nachtschicht,P24
27403,52,2022,Nachtschicht,P25
27404,52,2022,Nachtschicht,P26
27405,52,2022,Nachtschicht,P27
27406,53,2022,Frühschicht,A1
27407,53,2022,Frühschicht,A2
27408,53,2022,Frühschicht,A3
27409,53,2022,Frühschicht,A4
27410,53,2022,Frühschicht,A5
27411,53,2022,Frühschicht,P1
27412,53,2022,Frühschicht,P2
27413,53,2022,Frühschicht,P3
27414,53,2022,Frühschicht,P4
27415,53,2022,Frühschicht,P5
27416,53,2022,Frühschicht,P6
27417,53,2022,Frühschicht,P7
27418,53,2022,Frühschicht,P8
27419,53,2022,Frühschicht,P9
27420,53,2022,Frühschicht,P10
27421,53,2022,Tagesschicht,A6
27422,53,2022,Tagesschicht,A7
27423,53,2022,Tagesschicht,A8
27424,53,2022,Tagesschicht,A9
27425,53,2022,Tagesschicht,A10
27426,53,2022,Tagesschicht,P11
27427,53,2022,Tagesschicht,P12
27428,53,2022,Tagesschicht,P13
27429,53,2022,Tagesschicht,P14
27430,53,2022,Tagesschicht,P15
27431,53,2022,Tagesschicht,P16
27432,53,2022,Tagesschicht,P17
27433,53,2022,Tagesschicht,P18
27434,53,2022,Tagesschicht,P19
27435,53,2022,Tagesschicht,P20
27436,53,2022,Nachtschicht,A11
27437,53,2022,Nachtschicht,A12
27438,53,2022,Nachtschicht,P22
27439,53,2022,Nachtschicht,P23
27440,53,2022,Nachtschicht,P24
27441,53,2022,Nachtschicht,P25
27442,53,2022,Nachtschicht,P26
27443,53,2022,Nachtschicht,P27
27444,54,2022,Frühschicht,A1
27445,54,2022,Frühschicht,A2
27446,54,2022,Frühschicht,A3
27447,54,2022,Frühschicht,A4
27448,54,2022,Frühschicht,A5
27449,54,2022,Frühschicht,P1
27450,54,2022,Frühschicht,P2
27451,54,2022,Frühschicht,P3
27452,54,2022,Frühschicht,P4
27453,54,2022,Frühschicht,P5
27454,54,2022,Frühschicht,P6
27455,54,2022,Frühschicht,P7
27456,54,2022,Frühschicht,P8
27457,54,2022,Frühschicht,P9
27458,54,2022,Frühschicht,P10
27459,54,2022,Tagesschicht,A6
27460,54,2022,Tagesschicht,A7
27461,54,2022,Tagesschicht,A8
27462,54,2022,Tagesschicht,A9
27463,54,2022,Tagesschicht,A10
27464,54,2022,Tagesschicht,P11
27465,54,2022,Tagesschicht,P12
27466,54,2022,Tagesschicht,P13
27467,54,2022,Tagesschicht,P14
27468,54,2022,Tagesschicht,P15
27469,54,2022,Tagesschicht,P16
27470,54,2022,Tagesschicht,P17
27471,54,2022,Tagesschicht,P18
27472,54,2022,Tagesschicht,P19
27473,54,2022,Tagesschicht,P20
27474,54,2022,Nachtschicht,A11
27475,54,2022,Nachtschicht,A12
27476,54,2022,Nachtschicht,P22
27477,54,2022,Nachtschicht,P23
27478,54,2022,Nachtschicht,P24
27479,54,2022,Nachtschicht,P25
27480,54,2022,Nachtschicht,P26
27481,54,2022,Nachtschicht,P27