1,2022,Frühschicht,A1
1,2022,Frühschicht,A2
1,2022,Frühschicht,A3
1,2022,Frühschicht,A4
1,2022,Frühschicht,A5
1,2022,Frühschicht,P1
1,2022,Frühschicht,P2
1,2022,Frühschicht,P3
1,2022,Frühschicht,P4
1,2022,Frühschicht,P5
1,2022,Frühschicht,P6
1,2022,Frühschicht,P7
1,2022,Frühschicht,P8
1,2022,Frühschicht,P9
1,2022,Frühschicht,P10
1,2022,Tagesschicht,A6
1,2022,Tagesschicht,A7
1,2022,Tagesschicht,A8
1,2022,Tagesschicht,A9
1,2022,Tagesschicht,A10
1,2022,Tagesschicht,P11
1,2022,Tagesschicht,P12
1,2022,Tagesschicht,P13
1,2022,Tagesschicht,P14
1,2022,Tagesschicht,P15
1,2022,Tagesschicht,P16
1,2022,Tagesschicht,P17
1,2022,Tagesschicht,P18
1,2022,Tagesschicht,P19
1,2022,Tagesschicht,P20
1,2022,Nachtschicht,A11
1,2022,Nachtschicht,A12
1,2022,Nachtschicht,P22
1,2022,Nachtschicht,P23
1,2022,Nachtschicht,P24
1,2022,Nachtschicht,P25
1,2022,Nachtschicht,P26
1,2022,Nachtschicht,P27
2,2022,Frühschicht,A1
2,2022,Frühschicht,A2
2,2022,Frühschicht,A3
2,2022,Frühschicht,A4
2,2022,Frühschicht,A5
2,2022,Frühschicht,P1
2,2022,Frühschicht,P2
2,2022,Frühschicht,P3
2,2022,Frühschicht,P4
2,2022,Frühschicht,P5
2,2022,Frühschicht,P6
2,2022,Frühschicht,P7
2,2022,Frühschicht,P8
2,2022,Frühschicht,P9
2,2022,Frühschicht,P10
2,2022,Tagesschicht,A6
2,2022,Tagesschicht,A7
2,2022,Tagesschicht,A8
2,2022,Tagesschicht,A9
2,2022,Tagesschicht,A10
2,2022,Tagesschicht,P11
2,2022,Tagesschicht,P12
2,2022,Tagesschicht,P13
2,2022,Tagesschicht,P14
2,2022,Tagesschicht,P15
2,2022,Tagesschicht,P16
2,2022,Tagesschicht,P17
2,2022,Tagesschicht,P18
2,2022,Tagesschicht,P19
2,2022,Tagesschicht,P20
2,2022,Nachtschicht,A11
2,2022,Nachtschicht,A12
2,2022,Nachtschicht,P22
2,2022,Nachtschicht,P23
2,2022,Nachtschicht,P24
2,2022,Nachtschicht,P25
2,2022,Nachtschicht,P26
2,2022,Nachtschicht,P27
3,2022,Frühschicht,A1
3,2022,Frühschicht,A2
3,2022,Frühschicht,A3
3,2022,Frühschicht,A4
3,2022,Frühschicht,A5
3,2022,Frühschicht,P1
3,2022,Frühschicht,P2
3,2022,Frühschicht,P3
3,2022,Frühschicht,P4
3,2022,Frühschicht,P5
3,2022,Frühschicht,P6
3,2022,Frühschicht,P7
3,2022,Frühschicht,P8
3,2022,Frühschicht,P9
3,2022,Frühschicht,P10
3,2022,Tagesschicht,A6
3,2022,Tagesschicht,A7
3,2022,Tagesschicht,A8
3,2022,Tagesschicht,A9
3,2022,Tagesschicht,A10
3,2022,Tagesschicht,P11
3,2022,Tagesschicht,P12
3,2022,Tagesschicht,P13
3,2022,Tagesschicht,P14
3,2022,Tagesschicht,P15
3,2022,Tagesschicht,P16
3,2022,Tagesschicht,P17
3,2022,Tagesschicht,P18
3,2022,Tagesschicht,P19
3,2022,Tagesschicht,P20
3,2022,Nachtschicht,A11
3,2022,Nachtschicht,A12
3,2022,Nachtschicht,P22
3,2022,Nachtschicht,P23
3,2022,Nachtschicht,P24
3,2022,Nachtschicht,P25
3,2022,Nachtschicht,P26
3,2022,Nachtschicht,P27
4,2022,Frühschicht,A1
4,2022,Frühschicht,A2
4,2022,Frühschicht,A3
4,2022,Frühschicht,A4
4,2022,Frühschicht,A5
4,2022,Frühschicht,P1
4,2022,Frühschicht,P2
4,2022,Frühschicht,P3
4,2022,Frühschicht,P4
4,2022,Frühschicht,P5
4,2022,Frühschicht,P6
4,2022,Frühschicht,P7
4,2022,Frühschicht,P8
4,2022,Frühschicht,P9
4,2022,Frühschicht,P10
4,2022,Tagesschicht,A6
4,2022,Tagesschicht,A7
4,2022,Tagesschicht,A8
4,2022,Tagesschicht,A9
4,2022,Tagesschicht,A10
4,2022,Tagesschicht,P11
4,2022,Tagesschicht,P12
4,2022,Tagesschicht,P13
4,2022,Tagesschicht,P14
4,2022,Tagesschicht,P15
4,2022,Tagesschicht,P16
4,2022,Tagesschicht,P17
4,2022,Tagesschicht,P18
4,2022,Tagesschicht,P19
4,2022,Tagesschicht,P20
4,2022,Nachtschicht,A11
4,2022,Nachtschicht,A12
4,2022,Nachtschicht,P22
4,2022,Nachtschicht,P23
4,2022,Nachtschicht,P24
4,2022,Nachtschicht,P25
4,2022,Nachtschicht,P26
4,2022,Nachtschicht,P27
5,2022,Frühschicht,A1
5,2022,Frühschicht,A2
5,2022,Frühschicht,A3
5,2022,Frühschicht,A4
5,2022,Frühschicht,A5
5,2022,Frühschicht,P1
5,2022,Frühschicht,P2
5,2022,Frühschicht,P3
5,2022,Frühschicht,P4
5,2022,Frühschicht,P5
5,2022,Frühschicht,P6
5,2022,Frühschicht,P7
5,2022,Frühschicht,P8
5,2022,Frühschicht,P9
5,2022,Frühschicht,P10
5,2022,Tagesschicht,A6
5,2022,Tagesschicht,A7
5,2022,Tagesschicht,A8
5,2022,Tagesschicht,A9
5,2022,Tagesschicht,A10
5,2022,Tagesschicht,P11
5,2022,Tagesschicht,P12
5,2022,Tagesschicht,P13
5,2022,Tagesschicht,P14
5,2022,Tagesschicht,P15
5,2022,Tagesschicht,P16
5,2022,Tagesschicht,P17
5,2022,Tagesschicht,P18
5,2022,Tagesschicht,P19
5,2022,Tagesschicht,P20
5,2022,Nachtschicht,A11
5,2022,Nachtschicht,A12
5,2022,Nachtschicht,P22
5,2022,Nachtschicht,P23
5,2022,Nachtschicht,P24
5,2022,Nachtschicht,P25
5,2022,Nachtschicht,P26
5,2022,Nachtschicht,P27
6,2022,Frühschicht,A1
6,2022,Frühschicht,A2
6,2022,Frühschicht,A3
6,2022,Frühschicht,A4
6,2022,Frühschicht,A5
6,2022,Frühschicht,P1
6,2022,Frühschicht,P2
6,2022,Frühschicht,P3
6,2022,Frühschicht,P4
6,2022,Frühschicht,P5
6,2022,Frühschicht,P6
6,2022,Frühschicht,P7
6,2022,Frühschicht,P8
6,2022,Frühschicht,P9
6,2022,Frühschicht,P10
6,2022,Tagesschicht,A6
6,2022,Tagesschicht,A7
6,2022,Tagesschicht,A8
6,2022,Tagesschicht,A9
6,2022,Tagesschicht,A10
6,2022,Tagesschicht,P11
6,2022,Tagesschicht,P12
6,2022,Tagesschicht,P13
6,2022,Tagesschicht,P14
6,2022,Tagesschicht,P15
6,2022,Tagesschicht,P16
6,2022,Tagesschicht,P17
6,2022,Tagesschicht,P18
6,2022,Tagesschicht,P19
6,2022,Tagesschicht,P20
6,2022,Nachtschicht,A11
6,2022,Nachtschicht,A12
6,2022,Nachtschicht,P22
6,2022,Nachtschicht,P23
6,2022,Nachtschicht,P24
6,2022,Nachtschicht,P25
6,2022,Nachtschicht,P26
6,2022,Nachtschicht,P27
7,2022,Frühschicht,A1
7,2022,Frühschicht,A2
7,2022,Frühschicht,A3
7,2022,Frühschicht,A4
7,2022,Frühschicht,A5
7,2022,Frühschicht,P1
7,2022,Frühschicht,P2
7,2022,Frühschicht,P3
7,2022,Frühschicht,P4
7,2022,Frühschicht,P5
7,2022,Frühschicht,P6
7,2022,Frühschicht,P7
7,2022,Frühschicht,P8
7,2022,Frühschicht,P9
7,2022,Frühschicht,P10
7,2022,Tagesschicht,A6
7,2022,Tagesschicht,A7
7,2022,Tagesschicht,A8
7,2022,Tagesschicht,A9
7,2022,Tagesschicht,A10
7,2022,Tagesschicht,P11
7,2022,Tagesschicht,P12
7,2022,Tagesschicht,P13
7,2022,Tagesschicht,P14
7,2022,Tagesschicht,P15
7,2022,Tagesschicht,P16
7,2022,Tagesschicht,P17
7,2022,Tagesschicht,P18
7,2022,Tagesschicht,P19
7,2022,Tagesschicht,P20
7,2022,Nachtschicht,A11
7,2022,Nachtschicht,A12
7,2022,Nachtschicht,P22
7,2022,Nachtschicht,P23
7,2022,Nachtschicht,P24
7,2022,Nachtschicht,P25
7,2022,Nachtschicht,P26
7,2022,Nachtschicht,P27
8,2022,Frühschicht,A1
8,2022,Frühschicht,A2
8,2022,Frühschicht,A3
8,2022,Frühschicht,A4
8,2022,Frühschicht,A5
8,2022,Frühschicht,P1
8,2022,Frühschicht,P2
8,2022,Frühschicht,P3
8,2022,Frühschicht,P4
8,2022,Frühschicht,P5
8,2022,Frühschicht,P6
8,2022,Frühschicht,P7
8,2022,Frühschicht,P8
8,2022,Frühschicht,P9
8,2022,Frühschicht,P10
8,2022,Tagesschicht,A6
8,2022,Tagesschicht,A7
8,2022,Tagesschicht,A8
8,2022,Tagesschicht,A9
8,2022,Tagesschicht,A10
8,2022,Tagesschicht,P11
8,2022,Tagesschicht,P12
8,2022,Tagesschicht,P13
8,2022,Tagesschicht,P14
8,2022,Tagesschicht,P15
8,2022,Tagesschicht,P16
8,2022,Tagesschicht,P17
8,2022,Tagesschicht,P18
8,2022,Tagesschicht,P19
8,2022,Tagesschicht,P20
8,2022,Nachtschicht,A11
8,2022,Nachtschicht,A12
8,2022,Nachtschicht,P22
8,2022,Nachtschicht,P23
8,2022,Nachtschicht,P24
8,2022,Nachtschicht,P25
8,2022,Nachtschicht,P26
8,2022,Nachtschicht,P27
9,2022,Frühschicht,A1
9,2022,Frühschicht,A2
9,2022,Frühschicht,A3
9,2022,Frühschicht,A4
9,2022,Frühschicht,A5
9,2022,Frühschicht,P1
9,2022,Frühschicht,P2
9,2022,Frühschicht,P3
9,2022,Frühschicht,P4
9,2022,Frühschicht,P5
9,2022,Frühschicht,P6
9,2022,Frühschicht,P7
9,2022,Frühschicht,P8
9,2022,Frühschicht,P9
9,2022,Frühschicht,P10
9,2022,Tagesschicht,A6
9,2022,Tagesschicht,A7
9,2022,Tagesschicht,A8
9,2022,Tagesschicht,A9
9,2022,Tagesschicht,A10
9,2022,Tagesschicht,P11
9,2022,Tagesschicht,P12
9,2022,Tagesschicht,P13
9,2022,Tagesschicht,P14
9,2022,Tagesschicht,P15
9,2022,Tagesschicht,P16
9,2022,Tagesschicht,P17
9,2022,Tagesschicht,P18
9,2022,Tagesschicht,P19
9,2022,Tagesschicht,P20
9,2022,Nachtschicht,A11
9,2022,Nachtschicht,A12
9,2022,Nachtschicht,P22
9,2022,Nachtschicht,P23
9,2022,Nachtschicht,P24
9,2022,Nachtschicht,P25
9,2022,Nachtschicht,P26
9,2022,Nachtschicht,P27
10,2022,Frühschicht,A1
10,2022,Frühschicht,A2
10,2022,Frühschicht,A3
10,2022,Frühschicht,A4
10,2022,Frühschicht,A5
10,2022,Frühschicht,P1
10,2022,Frühschicht,P2
10,2022,Frühschicht,P3
10,2022,Frühschicht,P4
10,2022,Frühschicht,P5
10,2022,Frühschicht,P6
10,2022,Frühschicht,P7
10,2022,Frühschicht,P8
10,2022,Frühschicht,P9
10,2022,Frühschicht,P10
10,2022,Tagesschicht,A6
10,2022,Tagesschicht,A7
10,2022,Tagesschicht,A8
10,2022,Tagesschicht,A9
10,2022,Tagesschicht,A10
10,2022,Tagesschicht,P11
10,2022,Tagesschicht,P12
10,2022,Tagesschicht,P13
10,2022,Tagesschicht,P14
10,2022,Tagesschicht,P15
10,2022,Tagesschicht,P16
10,2022,Tagesschicht,P17
10,2022,Tagesschicht,P18
10,2022,Tagesschicht,P19
10,2022,Tagesschicht,P20
10,2022,Nachtschicht,A11
10,2022,Nachtschicht,A12
10,2022,Nachtschicht,P22
10,2022,Nachtschicht,P23
10,2022,Nachtschicht,P24
10,2022,Nachtschicht,P25
10,2022,Nachtschicht,P26
10,2022,Nachtschicht,P27
11,2022,Frühschicht,A1
11,2022,Frühschicht,A2
11,2022,Frühschicht,A3
11,2022,Frühschicht,A4
11,2022,Frühschicht,A5
11,2022,Frühschicht,P1
11,2022,Frühschicht,P2
11,2022,Frühschicht,P3
11,2022,Frühschicht,P4
11,2022,Frühschicht,P5
11,2022,Frühschicht,P6
11,2022,Frühschicht,P7
11,2022,Frühschicht,P8
11,2022,Frühschicht,P9
11,2022,Frühschicht,P10
11,2022,Tagesschicht,A6
11,2022,Tagesschicht,A7
11,2022,Tagesschicht,A8
11,2022,Tagesschicht,A9
11,2022,Tagesschicht,A10
11,2022,Tagesschicht,P11
11,2022,Tagesschicht,P12
11,2022,Tagesschicht,P13
11,2022,Tagesschicht,P14
11,2022,Tagesschicht,P15
11,2022,Tagesschicht,P16
11,2022,Tagesschicht,P17
11,2022,Tagesschicht,P18
11,2022,Tagesschicht,P19
11,2022,Tagesschicht,P20
11,2022,Nachtschicht,A11
11,2022,Nachtschicht,A12
11,2022,Nachtschicht,P22
11,2022,Nachtschicht,P23
11,2022,Nachtschicht,P24
11,2022,Nachtschicht,P25
11,2022,Nachtschicht,P26
11,2022,Nachtschicht,P27
12,2022,Frühschicht,A1
12,2022,Frühschicht,A2
12,2022,Frühschicht,A3
12,2022,Frühschicht,A4
12,2022,Frühschicht,A5
12,2022,Frühschicht,P1
12,2022,Frühschicht,P2
12,2022,Frühschicht,P3
12,2022,Frühschicht,P4
12,2022,Frühschicht,P5
12,2022,Frühschicht,P6
12,2022,Frühschicht,P7
12,2022,Frühschicht,P8
12,2022,Frühschicht,P9
12,2022,Frühschicht,P10
12,2022,Tagesschicht,A6
12,2022,Tagesschicht,A7
12,2022,Tagesschicht,A8
12,2022,Tagesschicht,A9
12,2022,Tagesschicht,A10
12,2022,Tagesschicht,P11
12,2022,Tagesschicht,P12
12,2022,Tagesschicht,P13
12,2022,Tagesschicht,P14
12,2022,Tagesschicht,P15
12,2022,Tagesschicht,P16
12,2022,Tagesschicht,P17
12,2022,Tagesschicht,P18
12,2022,Tagesschicht,P19
12,2022,Tagesschicht,P20
12,2022,Nachtschicht,A11
12,2022,Nachtschicht,A12
12,2022,Nachtschicht,P22
12,2022,Nachtschicht,P23
12,2022,Nachtschicht,P24
12,2022,Nachtschicht,P25
12,2022,Nachtschicht,P26
12,2022,Nachtschicht,P27
13,2022,Frühschicht,A1
13,2022,Frühschicht,A2
13,2022,Frühschicht,A3
13,2022,Frühschicht,A4
13,2022,Frühschicht,A5
13,2022,Frühschicht,P1
13,2022,Frühschicht,P2
13,2022,Frühschicht,P3
13,2022,Frühschicht,P4
13,2022,Frühschicht,P5
13,2022,Frühschicht,P6
13,2022,Frühschicht,P7
13,2022,Frühschicht,P8
13,2022,Frühschicht,P9
13,2022,Frühschicht,P10
13,2022,Tagesschicht,A6
13,2022,Tagesschicht,A7
13,2022,Tagesschicht,A8
13,2022,Tagesschicht,A9
13,2022,Tagesschicht,A10
13,2022,Tagesschicht,P11
13,2022,Tagesschicht,P12
13,2022,Tagesschicht,P13
13,2022,Tagesschicht,P14
13,2022,Tagesschicht,P15
13,2022,Tagesschicht,P16
13,2022,Tagesschicht,P17
13,2022,Tagesschicht,P18
13,2022,Tagesschicht,P19
13,2022,Tagesschicht,P20
13,2022,Nachtschicht,A11
13,2022,Nachtschicht,A12
13,2022,Nachtschicht,P22
13,2022,Nachtschicht,P23
13,2022,Nachtschicht,P24
13,2022,Nachtschicht,P25
13,2022,Nachtschicht,P26
13,2022,Nachtschicht,P27
14,2022,Frühschicht,A1
14,2022,Frühschicht,A2
14,2022,Frühschicht,A3
14,2022,Frühschicht,A4
14,2022,Frühschicht,A5
14,2022,Frühschicht,P1
14,2022,Frühschicht,P2
14,2022,Frühschicht,P3
14,2022,Frühschicht,P4
14,2022,Frühschicht,P5
14,2022,Frühschicht,P6
14,2022,Frühschicht,P7
14,2022,Frühschicht,P8
14,2022,Frühschicht,P9
14,2022,Frühschicht,P10
14,2022,Tagesschicht,A6
14,2022,Tagesschicht,A7
14,2022,Tagesschicht,A8
14,2022,Tagesschicht,A9
14,2022,Tagesschicht,A10
14,2022,Tagesschicht,P11
14,2022,Tagesschicht,P12
14,2022,Tagesschicht,P13
14,2022,Tagesschicht,P14
14,2022,Tagesschicht,P15
14,2022,Tagesschicht,P16
14,2022,Tagesschicht,P17
14,2022,Tagesschicht,P18
14,2022,Tagesschicht,P19
14,2022,Tagesschicht,P20
14,2022,Nachtschicht,A11
14,2022,Nachtschicht,A12
14,2022,Nachtschicht,P22
14,2022,Nachtschicht,P23
14,2022,Nachtschicht,P24
14,2022,Nachtschicht,P25
14,2022,Nachtschicht,P26
14,2022,Nachtschicht,P27
15,2022,Frühschicht,A1
15,2022,Frühschicht,A2
15,2022,Frühschicht,A3
15,2022,Frühschicht,A4
15,2022,Frühschicht,A5
15,2022,Frühschicht,P1
15,2022,Frühschicht,P2
15,2022,Frühschicht,P3
15,2022,Frühschicht,P4
15,2022,Frühschicht,P5
15,2022,Frühschicht,P6
15,2022,Frühschicht,P7
15,2022,Frühschicht,P8
15,2022,Frühschicht,P9
15,2022,Frühschicht,P10
15,2022,Tagesschicht,A6
15,2022,Tagesschicht,A7
15,2022,Tagesschicht,A8
15,2022,Tagesschicht,A9
15,2022,Tagesschicht,A10
15,2022,Tagesschicht,P11
15,2022,Tagesschicht,P12
15,2022,Tagesschicht,P13
15,2022,Tagesschicht,P14
15,2022,Tagesschicht,P15
15,2022,Tagesschicht,P16
15,2022,Tagesschicht,P17
15,2022,Tagesschicht,P18
15,2022,Tagesschicht,P19
15,2022,Tagesschicht,P20
15,2022,Nachtschicht,A11
15,2022,Nachtschicht,A12
15,2022,Nachtschicht,P22
15,2022,Nachtschicht,P23
15,2022,Nachtschicht,P24
15,2022,Nachtschicht,P25
15,2022,Nachtschicht,P26
15,2022,Nachtschicht,P27
16,2022,Frühschicht,A1
16,2022,Frühschicht,A2
16,2022,Frühschicht,A3
16,2022,Frühschicht,A4
16,2022,Frühschicht,A5
16,2022,Frühschicht,P1
16,2022,Frühschicht,P2
16,2022,Frühschicht,P3
16,2022,Frühschicht,P4
16,2022,Frühschicht,P5
16,2022,Frühschicht,P6
16,2022,Frühschicht,P7
16,2022,Frühschicht,P8
16,2022,Frühschicht,P9
16,2022,Frühschicht,P10
16,2022,Tagesschicht,A6
16,2022,Tagesschicht,A7
16,2022,Tagesschicht,A8
16,2022,Tagesschicht,A9
16,2022,Tagesschicht,A10
16,2022,Tagesschicht,P11
16,2022,Tagesschicht,P12
16,2022,Tagesschicht,P13
16,2022,Tagesschicht,P14
16,2022,Tagesschicht,P15
16,2022,Tagesschicht,P16
16,2022,Tagesschicht,P17
16,2022,Tagesschicht,P18
16,2022,Tagesschicht,P19
16,2022,Tagesschicht,P20
16,2022,Nachtschicht,A11
16,2022,Nachtschicht,A12
16,2022,Nachtschicht,P22
16,2022,Nachtschicht,P23
16,2022,Nachtschicht,P24
16,2022,Nachtschicht,P25
16,2022,Nachtschicht,P26
16,2022,Nachtschicht,P27
17,2022,Frühschicht,A1
17,2022,Frühschicht,A2
17,2022,Frühschicht,A3
17,2022,Frühschicht,A4
17,2022,Frühschicht,A5
17,2022,Frühschicht,P1
17,2022,Frühschicht,P2
17,2022,Frühschicht,P3
17,2022,Frühschicht,P4
17,2022,Frühschicht,P5
17,2022,Frühschicht,P6
17,2022,Frühschicht,P7
17,2022,Frühschicht,P8
17,2022,Frühschicht,P9
17,2022,Frühschicht,P10
17,2022,Tagesschicht,A6
17,2022,Tagesschicht,A7
17,2022,Tagesschicht,A8
17,2022,Tagesschicht,A9
17,2022,Tagesschicht,A10
17,2022,Tagesschicht,P11
17,2022,Tagesschicht,P12
17,2022,Tagesschicht,P13
17,2022,Tagesschicht,P14
17,2022,Tagesschicht,P15
17,2022,Tagesschicht,P16
17,2022,Tagesschicht,P17
17,2022,Tagesschicht,P18
17,2022,Tagesschicht,P19
17,2022,Tagesschicht,P20
17,2022,Nachtschicht,A11
17,2022,Nachtschicht,A12
17,2022,Nachtschicht,P22
17,2022,Nachtschicht,P23
17,2022,Nachtschicht,P24
17,2022,Nachtschicht,P25
17,2022,Nachtschicht,P26
17,2022,Nachtschicht,P27
18,2022,Frühschicht,A1
18,2022,Frühschicht,A2
18,2022,Frühschicht,A3
18,2022,Frühschicht,A4
18,2022,Frühschicht,A5
18,2022,Frühschicht,P1
18,2022,Frühschicht,P2
18,2022,Frühschicht,P3
18,2022,Frühschicht,P4
18,2022,Frühschicht,P5
18,2022,Frühschicht,P6
18,2022,Frühschicht,P7
18,2022,Frühschicht,P8
18,2022,Frühschicht,P9
18,2022,Frühschicht,P10
18,2022,Tagesschicht,A6
18,2022,Tagesschicht,A7
18,2022,Tagesschicht,A8
18,2022,Tagesschicht,A9
18,2022,Tagesschicht,A10
18,2022,Tagesschicht,P11
18,2022,Tagesschicht,P12
18,2022,Tagesschicht,P13
18,2022,Tagesschicht,P14
18,2022,Tagesschicht,P15
18,2022,Tagesschicht,P16
18,2022,Tagesschicht,P17
18,2022,Tagesschicht,P18
18,2022,Tagesschicht,P19
18,2022,Tagesschicht,P20
18,2022,Nachtschicht,A11
18,2022,Nachtschicht,A12
18,2022,Nachtschicht,P22
18,2022,Nachtschicht,P23
18,2022,Nachtschicht,P24
18,2022,Nachtschicht,P25
18,2022,Nachtschicht,P26
18,2022,Nachtschicht,P27
19,2022,Frühschicht,A1
19,2022,Frühschicht,A2
19,2022,Frühschicht,A3
19,2022,Frühschicht,A4
19,2022,Frühschicht,A5
19,2022,Frühschicht,P1
19,2022,Frühschicht,P2
19,2022,Frühschicht,P3
19,2022,Frühschicht,P4
19,2022,Frühschicht,P5
19,2022,Frühschicht,P6
19,2022,Frühschicht,P7
19,2022,Frühschicht,P8
19,2022,Frühschicht,P9
19,2022,Frühschicht,P10
19,2022,Tagesschicht,A6
19,2022,Tagesschicht,A7
19,2022,Tagesschicht,A8
19,2022,Tagesschicht,A9
19,2022,Tagesschicht,A10
19,2022,Tagesschicht,P11
19,2022,Tagesschicht,P12
19,2022,Tagesschicht,P13
19,2022,Tagesschicht,P14
19,2022,Tagesschicht,P15
19,2022,Tagesschicht,P16
19,2022,Tagesschicht,P17
19,2022,Tagesschicht,P18
19,2022,Tagesschicht,P19
19,2022,Tagesschicht,P20
19,2022,Nachtschicht,A11
19,2022,Nachtschicht,A12
19,2022,Nachtschicht,P22
19,2022,Nachtschicht,P23
19,2022,Nachtschicht,P24
19,2022,Nachtschicht,P25
19,2022,Nachtschicht,P26
19,2022,Nachtschicht,P27
20,2022,Frühschicht,A1
20,2022,Frühschicht,A2
20,2022,Frühschicht,A3
20,2022,Frühschicht,A4
20,2022,Frühschicht,A5
20,2022,Frühschicht,P1
20,2022,Frühschicht,P2
20,2022,Frühschicht,P3
20,2022,Frühschicht,P4
20,2022,Frühschicht,P5
20,2022,Frühschicht,P6
20,2022,Frühschicht,P7
20,2022,Frühschicht,P8
20,2022,Frühschicht,P9
20,2022,Frühschicht,P10
20,2022,Tagesschicht,A6
20,2022,Tagesschicht,A7
20,2022,Tagesschicht,A8
20,2022,Tagesschicht,A9
20,2022,Tagesschicht,A10
20,2022,Tagesschicht,P11
20,2022,Tagesschicht,P12
20,2022,Tagesschicht,P13
20,2022,Tagesschicht,P14
20,2022,Tagesschicht,P15
20,2022,Tagesschicht,P16
20,2022,Tagesschicht,P17
20,2022,Tagesschicht,P18
20,2022,Tagesschicht,P19
20,2022,Tagesschicht,P20
20,2022,Nachtschicht,A11
20,2022,Nachtschicht,A12
20,2022,Nachtschicht,P22
20,2022,Nachtschicht,P23
20,2022,Nachtschicht,P24
20,2022,Nachtschicht,P25
20,2022,Nachtschicht,P26
20,2022,Nachtschicht,P27
21,2022,Frühschicht,A1
21,2022,Frühschicht,A2
21,2022,Frühschicht,A3
21,2022,Frühschicht,A4
21,2022,Frühschicht,A5
21,2022,Frühschicht,P1
21,2022,Frühschicht,P2
21,2022,Frühschicht,P3
21,2022,Frühschicht,P4
21,2022,Frühschicht,P5
21,2022,Frühschicht,P6
21,2022,Frühschicht,P7
21,2022,Frühschicht,P8
21,2022,Frühschicht,P9
21,2022,Frühschicht,P10
21,2022,Tagesschicht,A6
21,2022,Tagesschicht,A7
21,2022,Tagesschicht,A8
21,2022,Tagesschicht,A9
21,2022,Tagesschicht,A10
21,2022,Tagesschicht,P11
21,2022,Tagesschicht,P12
21,2022,Tagesschicht,P13
21,2022,Tagesschicht,P14
21,2022,Tagesschicht,P15
21,2022,Tagesschicht,P16
21,2022,Tagesschicht,P17
21,2022,Tagesschicht,P18
21,2022,Tagesschicht,P19
21,2022,Tagesschicht,P20
21,2022,Nachtschicht,A11
21,2022,Nachtschicht,A12
21,2022,Nachtschicht,P22
21,2022,Nachtschicht,P23
21,2022,Nachtschicht,P24
21,2022,Nachtschicht,P25
21,2022,Nachtschicht,P26
21,2022,Nachtschicht,P27
22,2022,Frühschicht,A1
22,2022,Frühschicht,A2
22,2022,Frühschicht,A3
22,2022,Frühschicht,A4
22,2022,Frühschicht,A5
22,2022,Frühschicht,P1
22,2022,Frühschicht,P2
22,2022,Frühschicht,P3
22,2022,Frühschicht,P4
22,2022,Frühschicht,P5
22,2022,Frühschicht,P6
22,2022,Frühschicht,P7
22,2022,Frühschicht,P8
22,2022,Frühschicht,P9
22,2022,Frühschicht,P10
22,2022,Tagesschicht,A6
22,2022,Tagesschicht,A7
22,2022,Tagesschicht,A8
22,2022,Tagesschicht,A9
22,2022,Tagesschicht,A10
22,2022,Tagesschicht,P11
22,2022,Tagesschicht,P12
22,2022,Tagesschicht,P13
22,2022,Tagesschicht,P14
22,2022,Tagesschicht,P15
22,2022,Tagesschicht,P16
22,2022,Tagesschicht,P17
22,2022,Tagesschicht,P18
22,2022,Tagesschicht,P19
22,2022,Tagesschicht,P20
22,2022,Nachtschicht,A11
22,2022,Nachtschicht,A12
22,2022,Nachtschicht,P22
22,2022,Nachtschicht,P23
22,2022,Nachtschicht,P24
22,2022,Nachtschicht,P25
22,2022,Nachtschicht,P26
22,2022,Nachtschicht,P27
23,2022,Frühschicht,A1
23,2022,Frühschicht,A2
23,2022,Frühschicht,A3
23,2022,Frühschicht,A4
23,2022,Frühschicht,A5
23,2022,Frühschicht,P1
23,2022,Frühschicht,P2
23,2022,Frühschicht,P3
23,2022,Frühschicht,P4
23,2022,Frühschicht,P5
23,2022,Frühschicht,P6
23,2022,Frühschicht,P7
23,2022,Frühschicht,P8
23,2022,Frühschicht,P9
23,2022,Frühschicht,P10
23,2022,Tagesschicht,A6
23,2022,Tagesschicht,A7
23,2022,Tagesschicht,A8
23,2022,Tagesschicht,A9
23,2022,Tagesschicht,A10
23,2022,Tagesschicht,P11
23,2022,Tagesschicht,P12
23,2022,Tagesschicht,P13
23,2022,Tagesschicht,P14
23,2022,Tagesschicht,P15
23,2022,Tagesschicht,P16
23,2022,Tagesschicht,P17
23,2022,Tagesschicht,P18
23,2022,Tagesschicht,P19
23,2022,Tagesschicht,P20
23,2022,Nachtschicht,A11
23,2022,Nachtschicht,A12
23,2022,Nachtschicht,P22
23,2022,Nachtschicht,P23
23,2022,Nachtschicht,P24
23,2022,Nachtschicht,P25
23,2022,Nachtschicht,P26
23,2022,Nachtschicht,P27
24,2022,Frühschicht,A1
24,2022,Frühschicht,A2
24,2022,Frühschicht,A3
24,2022,Frühschicht,A4
24,2022,Frühschicht,A5
24,2022,Frühschicht,P1
24,2022,Frühschicht,P2
24,2022,Frühschicht,P3
24,2022,Frühschicht,P4
24,2022,Frühschicht,P5
24,2022,Frühschicht,P6
24,2022,Frühschicht,P7
24,2022,Frühschicht,P8
24,2022,Frühschicht,P9
24,2022,Frühschicht,P10
24,2022,Tagesschicht,A6
24,2022,Tagesschicht,A7
24,2022,Tagesschicht,A8
24,2022,Tagesschicht,A9
24,2022,Tagesschicht,A10
24,2022,Tagesschicht,P11
24,2022,Tagesschicht,P12
24,2022,Tagesschicht,P13
24,2022,Tagesschicht,P14
24,2022,Tagesschicht,P15
24,2022,Tagesschicht,P16
24,2022,Tagesschicht,P17
24,2022,Tagesschicht,P18
24,2022,Tagesschicht,P19
24,2022,Tagesschicht,P20
24,2022,Nachtschicht,A11
24,2022,Nachtschicht,A12
24,2022,Nachtschicht,P22
24,2022,Nachtschicht,P23
24,2022,Nachtschicht,P24
24,2022,Nachtschicht,P25
24,2022,Nachtschicht,P26
24,2022,Nachtschicht,P27
25,2022,Frühschicht,A1
25,2022,Frühschicht,A2
25,2022,Frühschicht,A3
25,2022,Frühschicht,A4
25,2022,Frühschicht,A5
25,2022,Frühschicht,P1
25,2022,Frühschicht,P2
25,2022,Frühschicht,P3
25,2022,Frühschicht,P4
25,2022,Frühschicht,P5
25,2022,Frühschicht,P6
25,2022,Frühschicht,P7
25,2022,Frühschicht,P8
25,2022,Frühschicht,P9
25,2022,Frühschicht,P10
25,2022,Tagesschicht,A6
25,2022,Tagesschicht,A7
25,2022,Tagesschicht,A8
25,2022,Tagesschicht,A9
25,2022,Tagesschicht,A10
25,2022,Tagesschicht,P11
25,2022,Tagesschicht,P12
25,2022,Tagesschicht,P13
25,2022,Tagesschicht,P14
25,2022,Tagesschicht,P15
25,2022,Tagesschicht,P16
25,2022,Tagesschicht,P17
25,2022,Tagesschicht,P18
25,2022,Tagesschicht,P19
25,2022,Tagesschicht,P20
25,2022,Nachtschicht,A11
25,2022,Nachtschicht,A12
25,2022,Nachtschicht,P22
25,2022,Nachtschicht,P23
25,2022,Nachtschicht,P24
25,2022,Nachtschicht,P25
25,2022,Nachtschicht,P26
25,2022,Nachtschicht,P27
26,2022,Frühschicht,A1
26,2022,Frühschicht,A2
26,2022,Frühschicht,A3
26,2022,Frühschicht,A4
26,2022,Frühschicht,A5
26,2022,Frühschicht,P1
26,2022,Frühschicht,P2
26,2022,Frühschicht,P3
26,2022,Frühschicht,P4
26,2022,Frühschicht,P5
26,2022,Frühschicht,P6
26,2022,Frühschicht,P7
26,2022,Frühschicht,P8
26,2022,Frühschicht,P9
26,2022,Frühschicht,P10
26,2022,Tagesschicht,A6
26,2022,Tagesschicht,A7
26,2022,Tagesschicht,A8
26,2022,Tagesschicht,A9
26,2022,Tagesschicht,A10
26,2022,Tagesschicht,P11
26,2022,Tagesschicht,P12
26,2022,Tagesschicht,P13
26,2022,Tagesschicht,P14
26,2022,Tagesschicht,P15
26,2022,Tagesschicht,P16
26,2022,Tagesschicht,P17
26,2022,Tagesschicht,P18
26,2022,Tagesschicht,P19
26,2022,Tagesschicht,P20
26,2022,Nachtschicht,A11
26,2022,Nachtschicht,A12
26,2022,Nachtschicht,P22
26,2022,Nachtschicht,P23
26,2022,Nachtschicht,P24
26,2022,Nachtschicht,P25
26,2022,Nachtschicht,P26
26,2022,Nachtschicht,P27
27,2022,Frühschicht,A1
27,2022,Frühschicht,A2
27,2022,Frühschicht,A3
27,2022,Frühschicht,A4
27,2022,Frühschicht,A5
27,2022,Frühschicht,P1
27,2022,Frühschicht,P2
27,2022,Frühschicht,P3
27,2022,Frühschicht,P4
27,2022,Frühschicht,P5
27,2022,Frühschicht,P6
27,2022,Frühschicht,P7
27,2022,Frühschicht,P8
27,2022,Frühschicht,P9
27,2022,Frühschicht,P10
27,2022,Tagesschicht,A6
27,2022,Tagesschicht,A7
27,2022,Tagesschicht,A8
27,2022,Tagesschicht,A9
27,2022,Tagesschicht,A10
27,2022,Tagesschicht,P11
27,2022,Tagesschicht,P12
27,2022,Tagesschicht,P13
27,2022,Tagesschicht,P14
27,2022,Tagesschicht,P15
27,2022,Tagesschicht,P16
27,2022,Tagesschicht,P17
27,2022,Tagesschicht,P18
27,2022,Tagesschicht,P19
27,2022,Tagesschicht,P20
27,2022,Nachtschicht,A11
27,2022,Nachtschicht,A12
27,2022,Nachtschicht,P22
27,2022,Nachtschicht,P23
27,2022,Nachtschicht,P24
27,2022,Nachtschicht,P25
27,2022,Nachtschicht,P26
27,2022,Nachtschicht,P27
28,2022,Frühschicht,A1
28,2022,Frühschicht,A2
28,2022,Frühschicht,A3
28,2022,Frühschicht,A4
28,2022,Frühschicht,A5
28,2022,Frühschicht,P1
28,2022,Frühschicht,P2
28,2022,Frühschicht,P3
28,2022,Frühschicht,P4
28,2022,Frühschicht,P5
28,2022,Frühschicht,P6
28,2022,Frühschicht,P7
28,2022,Frühschicht,P8
28,2022,Frühschicht,P9
28,2022,Frühschicht,P10
28,2022,Tagesschicht,A6
28,2022,Tagesschicht,A7
28,2022,Tagesschicht,A8
28,2022,Tagesschicht,A9
28,2022,Tagesschicht,A10
28,2022,Tagesschicht,P11
28,2022,Tagesschicht,P12
28,2022,Tagesschicht,P13
28,2022,Tagesschicht,P14
28,2022,Tagesschicht,P15
28,2022,Tagesschicht,P16
28,2022,Tagesschicht,P17
28,2022,Tagesschicht,P18
28,2022,Tagesschicht,P19
28,2022,Tagesschicht,P20
28,2022,Nachtschicht,A11
28,2022,Nachtschicht,A12
28,2022,Nachtschicht,P22
28,2022,Nachtschicht,P23
28,2022,Nachtschicht,P24
28,2022,Nachtschicht,P25
28,2022,Nachtschicht,P26
28,2022,Nachtschicht,P27
29,2022,Frühschicht,A1
29,2022,Frühschicht,A2
29,2022,Frühschicht,A3
29,2022,Frühschicht,A4
29,2022,Frühschicht,A5
29,2022,Frühschicht,P1
29,2022,Frühschicht,P2
29,2022,Frühschicht,P3
29,2022,Frühschicht,P4
29,2022,Frühschicht,P5
29,2022,Frühschicht,P6
29,2022,Frühschicht,P7
29,2022,Frühschicht,P8
29,2022,Frühschicht,P9
29,2022,Frühschicht,P10
29,2022,Tagesschicht,A6
29,2022,Tagesschicht,A7
29,2022,Tagesschicht,A8
29,2022,Tagesschicht,A9
29,2022,Tagesschicht,A10
29,2022,Tagesschicht,P11
29,2022,Tagesschicht,P12
29,2022,Tagesschicht,P13
29,2022,Tagesschicht,P14
29,2022,Tagesschicht,P15
29,2022,Tagesschicht,P16
29,2022,Tagesschicht,P17
29,2022,Tagesschicht,P18
29,2022,Tagesschicht,P19
29,2022,Tagesschicht,P20
29,2022,Nachtschicht,A11
29,2022,Nachtschicht,A12
29,2022,Nachtschicht,P22
29,2022,Nachtschicht,P23
29,2022,Nachtschicht,P24
29,2022,Nachtschicht,P25
29,2022,Nachtschicht,P26
29,2022,Nachtschicht,P27
30,2022,Frühschicht,A1
30,2022,Frühschicht,A2
30,2022,Frühschicht,A3
30,2022,Frühschicht,A4
30,2022,Frühschicht,A5
30,2022,Frühschicht,P1
30,2022,Frühschicht,P2
30,2022,Frühschicht,P3
30,2022,Frühschicht,P4
30,2022,Frühschicht,P5
30,2022,Frühschicht,P6
30,2022,Frühschicht,P7
30,2022,Frühschicht,P8
30,2022,Frühschicht,P9
30,2022,Frühschicht,P10
30,2022,Tagesschicht,A6
30,2022,Tagesschicht,A7
30,2022,Tagesschicht,A8
30,2022,Tagesschicht,A9
30,2022,Tagesschicht,A10
30,2022,Tagesschicht,P11
30,2022,Tagesschicht,P12
30,2022,Tagesschicht,P13
30,2022,Tagesschicht,P14
30,2022,Tagesschicht,P15
30,2022,Tagesschicht,P16
30,2022,Tagesschicht,P17
30,2022,Tagesschicht,P18
30,2022,Tagesschicht,P19
30,2022,Tagesschicht,P20
30,2022,Nachtschicht,A11
30,2022,Nachtschicht,A12
30,2022,Nachtschicht,P22
30,2022,Nachtschicht,P23
30,2022,Nachtschicht,P24
30,2022,Nachtschicht,P25
30,2022,Nachtschicht,P26
30,2022,Nachtschicht,P27
31,2022,Frühschicht,A1
31,2022,Frühschicht,A2
31,2022,Frühschicht,A3
31,2022,Frühschicht,A4
31,2022,Frühschicht,A5
31,2022,Frühschicht,P1
31,2022,Frühschicht,P2
31,2022,Frühschicht,P3
31,2022,Frühschicht,P4
31,2022,Frühschicht,P5
31,2022,Frühschicht,P6
31,2022,Frühschicht,P7
31,2022,Frühschicht,P8
31,2022,Frühschicht,P9
31,2022,Frühschicht,P10
31,2022,Tagesschicht,A6
31,2022,Tagesschicht,A7
31,2022,Tagesschicht,A8
31,2022,Tagesschicht,A9
31,2022,Tagesschicht,A10
31,2022,Tagesschicht,P11
31,2022,Tagesschicht,P12
31,2022,Tagesschicht,P13
31,2022,Tagesschicht,P14
31,2022,Tagesschicht,P15
31,2022,Tagesschicht,P16
31,2022,Tagesschicht,P17
31,2022,Tagesschicht,P18
31,2022,Tagesschicht,P19
31,2022,Tagesschicht,P20
31,2022,Nachtschicht,A11
31,2022,Nachtschicht,A12
31,2022,Nachtschicht,P22
31,2022,Nachtschicht,P23
31,2022,Nachtschicht,P24
31,2022,Nachtschicht,P25
31,2022,Nachtschicht,P26
31,2022,Nachtschicht,P27
32,2022,Frühschicht,A1
32,2022,Frühschicht,A2
32,2022,Frühschicht,A3
32,2022,Frühschicht,A4
32,2022,Frühschicht,A5
32,2022,Frühschicht,P1
32,2022,Frühschicht,P2
32,2022,Frühschicht,P3
32,2022,Frühschicht,P4
32,2022,Frühschicht,P5
32,2022,Frühschicht,P6
32,2022,Frühschicht,P7
32,2022,Frühschicht,P8
32,2022,Frühschicht,P9
32,2022,Frühschicht,P10
32,2022,Tagesschicht,A6
32,2022,Tagesschicht,A7
32,2022,Tagesschicht,A8
32,2022,Tagesschicht,A9
32,2022,Tagesschicht,A10
32,2022,Tagesschicht,P11
32,2022,Tagesschicht,P12
32,2022,Tagesschicht,P13
32,2022,Tagesschicht,P14
32,2022,Tagesschicht,P15
32,2022,Tagesschicht,P16
32,2022,Tagesschicht,P17
32,2022,Tagesschicht,P18
32,2022,Tagesschicht,P19
32,2022,Tagesschicht,P20
32,2022,Nachtschicht,A11
32,2022,Nachtschicht,A12
32,2022,Nachtschicht,P22
32,2022,Nachtschicht,P23
32,2022,Nachtschicht,P24
32,2022,Nachtschicht,P25
32,2022,Nachtschicht,P26
32,2022,Nachtschicht,P27
33,2022,Frühschicht,A1
33,2022,Frühschicht,A2
33,2022,Frühschicht,A3
33,2022,Frühschicht,A4
33,2022,Frühschicht,A5
33,2022,Frühschicht,P1
33,2022,Frühschicht,P2
33,2022,Frühschicht,P3
33,2022,Frühschicht,P4
33,2022,Frühschicht,P5
33,2022,Frühschicht,P6
33,2022,Frühschicht,P7
33,2022,Frühschicht,P8
33,2022,Frühschicht,P9
33,2022,Frühschicht,P10
33,2022,Tagesschicht,A6
33,2022,Tagesschicht,A7
33,2022,Tagesschicht,A8
33,2022,Tagesschicht,A9
33,2022,Tagesschicht,A10
33,2022,Tagesschicht,P11
33,2022,Tagesschicht,P12
33,2022,Tagesschicht,P13
33,2022,Tagesschicht,P14
33,2022,Tagesschicht,P15
33,2022,Tagesschicht,P16
33,2022,Tagesschicht,P17
33,2022,Tagesschicht,P18
33,2022,Tagesschicht,P19
33,2022,Tagesschicht,P20
33,2022,Nachtschicht,A11
33,2022,Nachtschicht,A12
33,2022,Nachtschicht,P22
33,2022,Nachtschicht,P23
33,2022,Nachtschicht,P24
33,2022,Nachtschicht,P25
33,2022,Nachtschicht,P26
33,2022,Nachtschicht,P27
34,2022,Frühschicht,A1
34,2022,Frühschicht,A2
34,2022,Frühschicht,A3
34,2022,Frühschicht,A4
34,2022,Frühschicht,A5
34,2022,Frühschicht,P1
34,2022,Frühschicht,P2
34,2022,Frühschicht,P3
34,2022,Frühschicht,P4
34,2022,Frühschicht,P5
34,2022,Frühschicht,P6
34,2022,Frühschicht,P7
34,2022,Frühschicht,P8
34,2022,Frühschicht,P9
34,2022,Frühschicht,P10
34,2022,Tagesschicht,A6
34,2022,Tagesschicht,A7
34,2022,Tagesschicht,A8
34,2022,Tagesschicht,A9
34,2022,Tagesschicht,A10
34,2022,Tagesschicht,P11
34,2022,Tagesschicht,P12
34,2022,Tagesschicht,P13
34,2022,Tagesschicht,P14
34,2022,Tagesschicht,P15
34,2022,Tagesschicht,P16
34,2022,Tagesschicht,P17
34,2022,Tagesschicht,P18
34,2022,Tagesschicht,P19
34,2022,Tagesschicht,P20
34,2022,Nachtschicht,A11
34,2022,Nachtschicht,A12
34,2022,Nachtschicht,P22
34,2022,Nachtschicht,P23
34,2022,Nachtschicht,P24
34,2022,Nachtschicht,P25
34,2022,Nachtschicht,P26
34,2022,Nachtschicht,P27
35,2022,Frühschicht,A1
35,2022,Frühschicht,A2
35,2022,Frühschicht,A3
35,2022,Frühschicht,A4
35,2022,Frühschicht,A5
35,2022,Frühschicht,P1
35,2022,Frühschicht,P2
35,2022,Frühschicht,P3
35,2022,Frühschicht,P4
35,2022,Frühschicht,P5
35,2022,Frühschicht,P6
35,2022,Frühschicht,P7
35,2022,Frühschicht,P8
35,2022,Frühschicht,P9
35,2022,Frühschicht,P10
35,2022,Tagesschicht,A6
35,2022,Tagesschicht,A7
35,2022,Tagesschicht,A8
35,2022,Tagesschicht,A9
35,2022,Tagesschicht,A10
35,2022,Tagesschicht,P11
35,2022,Tagesschicht,P12
35,2022,Tagesschicht,P13
35,2022,Tagesschicht,P14
35,2022,Tagesschicht,P15
35,2022,Tagesschicht,P16
35,2022,Tagesschicht,P17
35,2022,Tagesschicht,P18
35,2022,Tagesschicht,P19
35,2022,Tagesschicht,P20
35,2022,Nachtschicht,A11
35,2022,Nachtschicht,A12
35,2022,Nachtschicht,P22
35,2022,Nachtschicht,P23
35,2022,Nachtschicht,P24
35,2022,Nachtschicht,P25
35,2022,Nachtschicht,P26
35,2022,Nachtschicht,P27
36,2022,Frühschicht,A1
36,2022,Frühschicht,A2
36,2022,Frühschicht,A3
36,2022,Frühschicht,A4
36,2022,Frühschicht,A5
36,2022,Frühschicht,P1
36,2022,Frühschicht,P2
36,2022,Frühschicht,P3
36,2022,Frühschicht,P4
36,2022,Frühschicht,P5
36,2022,Frühschicht,P6
36,2022,Frühschicht,P7
36,2022,Frühschicht,P8
36,2022,Frühschicht,P9
36,2022,Frühschicht,P10
36,2022,Tagesschicht,A6
36,2022,Tagesschicht,A7
36,2022,Tagesschicht,A8
36,2022,Tagesschicht,A9
36,2022,Tagesschicht,A10
36,2022,Tagesschicht,P11
36,2022,Tagesschicht,P12
36,2022,Tagesschicht,P13
36,2022,Tagesschicht,P14
36,2022,Tagesschicht,P15
36,2022,Tagesschicht,P16
36,2022,Tagesschicht,P17
36,2022,Tagesschicht,P18
36,2022,Tagesschicht,P19
36,2022,Tagesschicht,P20
36,2022,Nachtschicht,A11
36,2022,Nachtschicht,A12
36,2022,Nachtschicht,P22
36,2022,Nachtschicht,P23
36,2022,Nachtschicht,P24
36,2022,Nachtschicht,P25
36,2022,Nachtschicht,P26
36,2022,Nachtschicht,P27
37,2022,Frühschicht,A1
37,2022,Frühschicht,A2
37,2022,Frühschicht,A3
37,2022,Frühschicht,A4
37,2022,Frühschicht,A5
37,2022,Frühschicht,P1
37,2022,Frühschicht,P2
37,2022,Frühschicht,P3
37,2022,Frühschicht,P4
37,2022,Frühschicht,P5
37,2022,Frühschicht,P6
37,2022,Frühschicht,P7
37,2022,Frühschicht,P8
37,2022,Frühschicht,P9
37,2022,Frühschicht,P10
37,2022,Tagesschicht,A6
37,2022,Tagesschicht,A7
37,2022,Tagesschicht,A8
37,2022,Tagesschicht,A9
37,2022,Tagesschicht,A10
37,2022,Tagesschicht,P11
37,2022,Tagesschicht,P12
37,2022,Tagesschicht,P13
37,2022,Tagesschicht,P14
37,2022,Tagesschicht,P15
37,2022,Tagesschicht,P16
37,2022,Tagesschicht,P17
37,2022,Tagesschicht,P18
37,2022,Tagesschicht,P19
37,2022,Tagesschicht,P20
37,2022,Nachtschicht,A11
37,2022,Nachtschicht,A12
37,2022,Nachtschicht,P22
37,2022,Nachtschicht,P23
37,2022,Nachtschicht,P24
37,2022,Nachtschicht,P25
37,2022,Nachtschicht,P26
37,2022,Nachtschicht,P27
38,2022,Frühschicht,A1
38,2022,Frühschicht,A2
38,2022,Frühschicht,A3
38,2022,Frühschicht,A4
38,2022,Frühschicht,A5
38,2022,Frühschicht,P1
38,2022,Frühschicht,P2
38,2022,Frühschicht,P3
38,2022,Frühschicht,P4
38,2022,Frühschicht,P5
38,2022,Frühschicht,P6
38,2022,Frühschicht,P7
38,2022,Frühschicht,P8
38,2022,Frühschicht,P9
38,2022,Frühschicht,P10
38,2022,Tagesschicht,A6
38,2022,Tagesschicht,A7
38,2022,Tagesschicht,A8
38,2022,Tagesschicht,A9
38,2022,Tagesschicht,A10
38,2022,Tagesschicht,P11
38,2022,Tagesschicht,P12
38,2022,Tagesschicht,P13
38,2022,Tagesschicht,P14
38,2022,Tagesschicht,P15
38,2022,Tagesschicht,P16
38,2022,Tagesschicht,P17
38,2022,Tagesschicht,P18
38,2022,Tagesschicht,P19
38,2022,Tagesschicht,P20
38,2022,Nachtschicht,A11
38,2022,Nachtschicht,A12
38,2022,Nachtschicht,P22
38,2022,Nachtschicht,P23
38,2022,Nachtschicht,P24
38,2022,Nachtschicht,P25
38,2022,Nachtschicht,P26
38,2022,Nachtschicht,P27
39,2022,Frühschicht,A1
39,2022,Frühschicht,A2
39,2022,Frühschicht,A3
39,2022,Frühschicht,A4
39,2022,Frühschicht,A5
39,2022,Frühschicht,P1
39,2022,Frühschicht,P2
39,2022,Frühschicht,P3
39,2022,Frühschicht,P4
39,2022,Frühschicht,P5
39,2022,Frühschicht,P6
39,2022,Frühschicht,P7
39,2022,Frühschicht,P8
39,2022,Frühschicht,P9
39,2022,Frühschicht,P10
39,2022,Tagesschicht,A6
39,2022,Tagesschicht,A7
39,2022,Tagesschicht,A8
39,2022,Tagesschicht,A9
39,2022,Tagesschicht,A10
39,2022,Tagesschicht,P11
39,2022,Tagesschicht,P12
39,2022,Tagesschicht,P13
39,2022,Tagesschicht,P14
39,2022,Tagesschicht,P15
39,2022,Tagesschicht,P16
39,2022,Tagesschicht,P17
39,2022,Tagesschicht,P18
39,2022,Tagesschicht,P19
39,2022,Tagesschicht,P20
39,2022,Nachtschicht,A11
39,2022,Nachtschicht,A12
39,2022,Nachtschicht,P22
39,2022,Nachtschicht,P23
39,2022,Nachtschicht,P24
39,2022,Nachtschicht,P25
39,2022,Nachtschicht,P26
39,2022,Nachtschicht,P27
40,2022,Frühschicht,A1
40,2022,Frühschicht,A2
40,2022,Frühschicht,A3
40,2022,Frühschicht,A4
40,2022,Frühschicht,A5
40,2022,Frühschicht,P1
40,2022,Frühschicht,P2
40,2022,Frühschicht,P3
40,2022,Frühschicht,P4
40,2022,Frühschicht,P5
40,2022,Frühschicht,P6
40,2022,Frühschicht,P7
40,2022,Frühschicht,P8
40,2022,Frühschicht,P9
40,2022,Frühschicht,P10
40,2022,Tagesschicht,A6
40,2022,Tagesschicht,A7
40,2022,Tagesschicht,A8
40,2022,Tagesschicht,A9
40,2022,Tagesschicht,A10
40,2022,Tagesschicht,P11
40,2022,Tagesschicht,P12
40,2022,Tagesschicht,P13
40,2022,Tagesschicht,P14
40,2022,Tagesschicht,P15
40,2022,Tagesschicht,P16
40,2022,Tagesschicht,P17
40,2022,Tagesschicht,P18
40,2022,Tagesschicht,P19
40,2022,Tagesschicht,P20
40,2022,Nachtschicht,A11
40,2022,Nachtschicht,A12
40,2022,Nachtschicht,P22
40,2022,Nachtschicht,P23
40,2022,Nachtschicht,P24
40,2022,Nachtschicht,P25
40,2022,Nachtschicht,P26
40,2022,Nachtschicht,P27
41,2022,Frühschicht,A1
41,2022,Frühschicht,A2
41,2022,Frühschicht,A3
41,2022,Frühschicht,A4
41,2022,Frühschicht,A5
41,2022,Frühschicht,P1
41,2022,Frühschicht,P2
41,2022,Frühschicht,P3
41,2022,Frühschicht,P4
41,2022,Frühschicht,P5
41,2022,Frühschicht,P6
41,2022,Frühschicht,P7
41,2022,Frühschicht,P8
41,2022,Frühschicht,P9
41,2022,Frühschicht,P10
41,2022,Tagesschicht,A6
41,2022,Tagesschicht,A7
41,2022,Tagesschicht,A8
41,2022,Tagesschicht,A9
41,2022,Tagesschicht,A10
41,2022,Tagesschicht,P11
41,2022,Tagesschicht,P12
41,2022,Tagesschicht,P13
41,2022,Tagesschicht,P14
41,2022,Tagesschicht,P15
41,2022,Tagesschicht,P16
41,2022,Tagesschicht,P17
41,2022,Tagesschicht,P18
41,2022,Tagesschicht,P19
41,2022,Tagesschicht,P20
41,2022,Nachtschicht,A11
41,2022,Nachtschicht,A12
41,2022,Nachtschicht,P22
41,2022,Nachtschicht,P23
41,2022,Nachtschicht,P24
41,2022,Nachtschicht,P25
41,2022,Nachtschicht,P26
41,2022,Nachtschicht,P27
42,2022,Frühschicht,A1
42,2022,Frühschicht,A2
42,2022,Frühschicht,A3
42,2022,Frühschicht,A4
42,2022,Frühschicht,A5
42,2022,Frühschicht,P1
42,2022,Frühschicht,P2
42,2022,Frühschicht,P3
42,2022,Frühschicht,P4
42,2022,Frühschicht,P5
42,2022,Frühschicht,P6
42,2022,Frühschicht,P7
42,2022,Frühschicht,P8
42,2022,Frühschicht,P9
42,2022,Frühschicht,P10
42,2022,Tagesschicht,A6
42,2022,Tagesschicht,A7
42,2022,Tagesschicht,A8
42,2022,Tagesschicht,A9
42,2022,Tagesschicht,A10
42,2022,Tagesschicht,P11
42,2022,Tagesschicht,P12
42,2022,Tagesschicht,P13
42,2022,Tagesschicht,P14
42,2022,Tagesschicht,P15
42,2022,Tagesschicht,P16
42,2022,Tagesschicht,P17
42,2022,Tagesschicht,P18
42,2022,Tagesschicht,P19
42,2022,Tagesschicht,P20
42,2022,Nachtschicht,A11
42,2022,Nachtschicht,A12
42,2022,Nachtschicht,P22
42,2022,Nachtschicht,P23
42,2022,Nachtschicht,P24
42,2022,Nachtschicht,P25
42,2022,Nachtschicht,P26
42,2022,Nachtschicht,P27
43,2022,Frühschicht,A1
43,2022,Frühschicht,A2
43,2022,Frühschicht,A3
43,2022,Frühschicht,A4
43,2022,Frühschicht,A5
43,2022,Frühschicht,P1
43,2022,Frühschicht,P2
43,2022,Frühschicht,P3
43,2022,Frühschicht,P4
43,2022,Frühschicht,P5
43,2022,Frühschicht,P6
43,2022,Frühschicht,P7
43,2022,Frühschicht,P8
43,2022,Frühschicht,P9
43,2022,Frühschicht,P10
43,2022,Tagesschicht,A6
43,2022,Tagesschicht,A7
43,2022,Tagesschicht,A8
43,2022,Tagesschicht,A9
43,2022,Tagesschicht,A10
43,2022,Tagesschicht,P11
43,2022,Tagesschicht,P12
43,2022,Tagesschicht,P13
43,2022,Tagesschicht,P14
43,2022,Tagesschicht,P15
43,2022,Tagesschicht,P16
43,2022,Tagesschicht,P17
43,2022,Tagesschicht,P18
43,2022,Tagesschicht,P19
43,2022,Tagesschicht,P20
43,2022,Nachtschicht,A11
43,2022,Nachtschicht,A12
43,2022,Nachtschicht,P22
43,2022,Nachtschicht,P23
43,2022,Nachtschicht,P24
43,2022,Nachtschicht,P25
43,2022,Nachtschicht,P26
43,2022,Nachtschicht,P27
44,2022,Frühschicht,A1
44,2022,Frühschicht,A2
44,2022,Frühschicht,A3
44,2022,Frühschicht,A4
44,2022,Frühschicht,A5
44,2022,Frühschicht,P1
44,2022,Frühschicht,P2
44,2022,Frühschicht,P3
44,2022,Frühschicht,P4
44,2022,Frühschicht,P5
44,2022,Frühschicht,P6
44,2022,Frühschicht,P7
44,2022,Frühschicht,P8
44,2022,Frühschicht,P9
44,2022,Frühschicht,P10
44,2022,Tagesschicht,A6
44,2022,Tagesschicht,A7
44,2022,Tagesschicht,A8
44,2022,Tagesschicht,A9
44,2022,Tagesschicht,A10
44,2022,Tagesschicht,P11
44,2022,Tagesschicht,P12
44,2022,Tagesschicht,P13
44,2022,Tagesschicht,P14
44,2022,Tagesschicht,P15
44,2022,Tagesschicht,P16
44,2022,Tagesschicht,P17
44,2022,Tagesschicht,P18
44,2022,Tagesschicht,P19
44,2022,Tagesschicht,P20
44,2022,Nachtschicht,A11
44,2022,Nachtschicht,A12
44,2022,Nachtschicht,P22
44,2022,Nachtschicht,P23
44,2022,Nachtschicht,P24
44,2022,Nachtschicht,P25
44,2022,Nachtschicht,P26
44,2022,Nachtschicht,P27
45,2022,Frühschicht,A1
45,2022,Frühschicht,A2
45,2022,Frühschicht,A3
45,2022,Frühschicht,A4
45,2022,Frühschicht,A5
45,2022,Frühschicht,P1
45,2022,Frühschicht,P2
45,2022,Frühschicht,P3
45,2022,Frühschicht,P4
45,2022,Frühschicht,P5
45,2022,Frühschicht,P6
45,2022,Frühschicht,P7
45,2022,Frühschicht,P8
45,2022,Frühschicht,P9
45,2022,Frühschicht,P10
45,2022,Tagesschicht,A6
45,2022,Tagesschicht,A7
45,2022,Tagesschicht,A8
45,2022,Tagesschicht,A9
45,2022,Tagesschicht,A10
45,2022,Tagesschicht,P11
45,2022,Tagesschicht,P12
45,2022,Tagesschicht,P13
45,2022,Tagesschicht,P14
45,2022,Tagesschicht,P15
45,2022,Tagesschicht,P16
45,2022,Tagesschicht,P17
45,2022,Tagesschicht,P18
45,2022,Tagesschicht,P19
45,2022,Tagesschicht,P20
45,2022,Nachtschicht,A11
45,2022,Nachtschicht,A12
45,2022,Nachtschicht,P22
45,2022,Nachtschicht,P23
45,2022,Nachtschicht,P24
45,2022,Nachtschicht,P25
45,2022,Nachtschicht,P26
45,2022,Nachtschicht,P27
46,2022,Frühschicht,A1
46,2022,Frühschicht,A2
46,2022,Frühschicht,A3
46,2022,Frühschicht,A4
46,2022,Frühschicht,A5
46,2022,Frühschicht,P1
46,2022,Frühschicht,P2
46,2022,Frühschicht,P3
46,2022,Frühschicht,P4
46,2022,Frühschicht,P5
46,2022,Frühschicht,P6
46,2022,Frühschicht,P7
46,2022,Frühschicht,P8
46,2022,Frühschicht,P9
46,2022,Frühschicht,P10
46,2022,Tagesschicht,A6
46,2022,Tagesschicht,A7
46,2022,Tagesschicht,A8
46,2022,Tagesschicht,A9
46,2022,Tagesschicht,A10
46,2022,Tagesschicht,P11
46,2022,Tagesschicht,P12
46,2022,Tagesschicht,P13
46,2022,Tagesschicht,P14
46,2022,Tagesschicht,P15
46,2022,Tagesschicht,P16
46,2022,Tagesschicht,P17
46,2022,Tagesschicht,P18
46,2022,Tagesschicht,P19
46,2022,Tagesschicht,P20
46,2022,Nachtschicht,A11
46,2022,Nachtschicht,A12
46,2022,Nachtschicht,P22
46,2022,Nachtschicht,P23
46,2022,Nachtschicht,P24
46,2022,Nachtschicht,P25
46,2022,Nachtschicht,P26
46,2022,Nachtschicht,P27
47,2022,Frühschicht,A1
47,2022,Frühschicht,A2
47,2022,Frühschicht,A3
47,2022,Frühschicht,A4
47,2022,Frühschicht,A5
47,2022,Frühschicht,P1
47,2022,Frühschicht,P2
47,2022,Frühschicht,P3
47,2022,Frühschicht,P4
47,2022,Frühschicht,P5
47,2022,Frühschicht,P6
47,2022,Frühschicht,P7
47,2022,Frühschicht,P8
47,2022,Frühschicht,P9
47,2022,Frühschicht,P10
47,2022,Tagesschicht,A6
47,2022,Tagesschicht,A7
47,2022,Tagesschicht,A8
47,2022,Tagesschicht,A9
47,2022,Tagesschicht,A10
47,2022,Tagesschicht,P11
47,2022,Tagesschicht,P12
47,2022,Tagesschicht,P13
47,2022,Tagesschicht,P14
47,2022,Tagesschicht,P15
47,2022,Tagesschicht,P16
47,2022,Tagesschicht,P17
47,2022,Tagesschicht,P18
47,2022,Tagesschicht,P19
47,2022,Tagesschicht,P20
47,2022,Nachtschicht,A11
47,2022,Nachtschicht,A12
47,2022,Nachtschicht,P22
47,2022,Nachtschicht,P23
47,2022,Nachtschicht,P24
47,2022,Nachtschicht,P25
47,2022,Nachtschicht,P26
47,2022,Nachtschicht,P27
48,2022,Frühschicht,A1
48,2022,Frühschicht,A2
48,2022,Frühschicht,A3
48,2022,Frühschicht,A4
48,2022,Frühschicht,A5
48,2022,Frühschicht,P1
48,2022,Frühschicht,P2
48,2022,Frühschicht,P3
48,2022,Frühschicht,P4
48,2022,Frühschicht,P5
48,2022,Frühschicht,P6
48,2022,Frühschicht,P7
48,2022,Frühschicht,P8
48,2022,Frühschicht,P9
48,2022,Frühschicht,P10
48,2022,Tagesschicht,A6
48,2022,Tagesschicht,A7
48,2022,Tagesschicht,A8
48,2022,Tagesschicht,A9
48,2022,Tagesschicht,A10
48,2022,Tagesschicht,P11
48,2022,Tagesschicht,P12
48,2022,Tagesschicht,P13
48,2022,Tagesschicht,P14
48,2022,Tagesschicht,P15
48,2022,Tagesschicht,P16
48,2022,Tagesschicht,P17
48,2022,Tagesschicht,P18
48,2022,Tagesschicht,P19
48,2022,Tagesschicht,P20
48,2022,Nachtschicht,A11
48,2022,Nachtschicht,A12
48,2022,Nachtschicht,P22
48,2022,Nachtschicht,P23
48,2022,Nachtschicht,P24
48,2022,Nachtschicht,P25
48,2022,Nachtschicht,P26
48,2022,Nachtschicht,P27
49,2022,Frühschicht,A1
49,2022,Frühschicht,A2
49,2022,Frühschicht,A3
49,2022,Frühschicht,A4
49,2022,Frühschicht,A5
49,2022,Frühschicht,P1
49,2022,Frühschicht,P2
49,2022,Frühschicht,P3
49,2022,Frühschicht,P4
49,2022,Frühschicht,P5
49,2022,Frühschicht,P6
49,2022,Frühschicht,P7
49,2022,Frühschicht,P8
49,2022,Frühschicht,P9
49,2022,Frühschicht,P10
49,2022,Tagesschicht,A6
49,2022,Tagesschicht,A7
49,2022,Tagesschicht,A8
49,2022,Tagesschicht,A9
49,2022,Tagesschicht,A10
49,2022,Tagesschicht,P11
49,2022,Tagesschicht,P12
49,2022,Tagesschicht,P13
49,2022,Tagesschicht,P14
49,2022,Tagesschicht,P15
49,2022,Tagesschicht,P16
49,2022,Tagesschicht,P17
49,2022,Tagesschicht,P18
49,2022,Tagesschicht,P19
49,2022,Tagesschicht,P20
49,2022,Nachtschicht,A11
49,2022,Nachtschicht,A12
49,2022,Nachtschicht,P22
49,2022,Nachtschicht,P23
49,2022,Nachtschicht,P24
49,2022,Nachtschicht,P25
49,2022,Nachtschicht,P26
49,2022,Nachtschicht,P27
50,2022,Frühschicht,A1
50,2022,Frühschicht,A2
50,2022,Frühschicht,A3
50,2022,Frühschicht,A4
50,2022,Frühschicht,A5
50,2022,Frühschicht,P1
50,2022,Frühschicht,P2
50,2022,Frühschicht,P3
50,2022,Frühschicht,P4
50,2022,Frühschicht,P5
50,2022,Frühschicht,P6
50,2022,Frühschicht,P7
50,2022,Frühschicht,P8
50,2022,Frühschicht,P9
50,2022,Frühschicht,P10
50,2022,Tagesschicht,A6
50,2022,Tagesschicht,A7
50,2022,Tagesschicht,A8
50,2022,Tagesschicht,A9
50,2022,Tagesschicht,A10
50,2022,Tagesschicht,P11
50,2022,Tagesschicht,P12
50,2022,Tagesschicht,P13
50,2022,Tagesschicht,P14
50,2022,Tagesschicht,P15
50,2022,Tagesschicht,P16
50,2022,Tagesschicht,P17
50,2022,Tagesschicht,P18
50,2022,Tagesschicht,P19
50,2022,Tagesschicht,P20
50,2022,Nachtschicht,A11
50,2022,Nachtschicht,A12
50,2022,Nachtschicht,P22
50,2022,Nachtschicht,P23
50,2022,Nachtschicht,P24
50,2022,Nachtschicht,P25
50,2022,Nachtschicht,P26
50,2022,Nachtschicht,P27
51,2022,Frühschicht,A1
51,2022,Frühschicht,A2
51,2022,Frühschicht,A3
51,2022,Frühschicht,A4
51,2022,Frühschicht,A5
51,2022,Frühschicht,P1
51,2022,Frühschicht,P2
51,2022,Frühschicht,P3
51,2022,Frühschicht,P4
51,2022,Frühschicht,P5
51,2022,Frühschicht,P6
51,2022,Frühschicht,P7
51,2022,Frühschicht,P8
51,2022,Frühschicht,P9
51,2022,Frühschicht,P10
51,2022,Tagesschicht,A6
51,2022,Tagesschicht,A7
51,2022,Tagesschicht,A8
51,2022,Tagesschicht,A9
51,2022,Tagesschicht,A10
51,2022,Tagesschicht,P11
51,2022,Tagesschicht,P12
51,2022,Tagesschicht,P13
51,2022,Tagesschicht,P14
51,2022,Tagesschicht,P15
51,2022,Tagesschicht,P16
51,2022,Tagesschicht,P17
51,2022,Tagesschicht,P18
51,2022,Tagesschicht,P19
51,2022,Tagesschicht,P20
51,2022,Nachtschicht,A11
51,2022,Nachtschicht,A12
51,2022,Nachtschicht,P22
51,2022,Nachtschicht,P23
51,2022,Nachtschicht,P24
51,2022,Nachtschicht,P25
51,2022,Nachtschicht,P26
51,2022,Nachtschicht,P27
52,2022,Frühschicht,A1
52,2022,Frühschicht,A2
52,2022,Frühschicht,A3
52,2022,Frühschicht,A4
52,2022,Frühschicht,A5
52,2022,Frühschicht,P1
52,2022,Frühschicht,P2
52,2022,Frühschicht,P3
52,2022,Frühschicht,P4
52,2022,Frühschicht,P5
52,2022,Frühschicht,P6
52,2022,Frühschicht,P7
52,2022,Frühschicht,P8
52,2022,Frühschicht,P9
52,2022,Frühschicht,P10
52,2022,Tagesschicht,A6
52,2022,Tagesschicht,A7
52,2022,Tagesschicht,A8
52,2022,Tagesschicht,A9
52,2022,Tagesschicht,A10
52,2022,Tagesschicht,P11
52,2022,Tagesschicht,P12
52,2022,Tagesschicht,P13
52,2022,Tagesschicht,P14
52,2022,Tagesschicht,P15
52,2022,Tagesschicht,P16
52,2022,Tagesschicht,P17
52,2022,Tagesschicht,P18
52,2022,Tagesschicht,P19
52,2022,Tagesschicht,P20
52,2022,Nachtschicht,A11
52,2022,Nachtschicht,A12
52,2022,Nachtschicht,P22
52,2022,Nachtschicht,P23
52,2022,Nachtschicht,P24
52,2022,Nachtschicht,P25
52,2022,Nachtschicht,P26
52,2022,Nachtschicht,P27
53,2022,Frühschicht,A1
53,2022,Frühschicht,A2
53,2022,Frühschicht,A3
53,2022,Frühschicht,A4
53,2022,Frühschicht,A5
53,2022,Frühschicht,P1
53,2022,Frühschicht,P2
53,2022,Frühschicht,P3
53,2022,Frühschicht,P4
53,2022,Frühschicht,P5
53,2022,Frühschicht,P6
53,2022,Frühschicht,P7
53,2022,Frühschicht,P8
53,2022,Frühschicht,P9
53,2022,Frühschicht,P10
53,2022,Tagesschicht,A6
53,2022,Tagesschicht,A7
53,2022,Tagesschicht,A8
53,2022,Tagesschicht,A9
53,2022,Tagesschicht,A10
53,2022,Tagesschicht,P11
53,2022,Tagesschicht,P12
53,2022,Tagesschicht,P13
53,2022,Tagesschicht,P14
53,2022,Tagesschicht,P15
53,2022,Tagesschicht,P16
53,2022,Tagesschicht,P17
53,2022,Tagesschicht,P18
53,2022,Tagesschicht,P19
53,2022,Tagesschicht,P20
53,2022,Nachtschicht,A11
53,2022,Nachtschicht,A12
53,2022,Nachtschicht,P22
53,2022,Nachtschicht,P23
53,2022,Nachtschicht,P24
53,2022,Nachtschicht,P25
53,2022,Nachtschicht,P26
53,2022,Nachtschicht,P27
54,2022,Frühschicht,A1
54,2022,Frühschicht,A2
54,2022,Frühschicht,A3
54,2022,Frühschicht,A4
54,2022,Frühschicht,A5
54,2022,Frühschicht,P1
54,2022,Frühschicht,P2
54,2022,Frühschicht,P3
54,2022,Frühschicht,P4
54,2022,Frühschicht,P5
54,2022,Frühschicht,P6
54,2022,Frühschicht,P7
54,2022,Frühschicht,P8
54,2022,Frühschicht,P9
54,2022,Frühschicht,P10
54,2022,Tagesschicht,A6
54,2022,Tagesschicht,A7
54,2022,Tagesschicht,A8
54,2022,Tagesschicht,A9
54,2022,Tagesschicht,A10
54,2022,Tagesschicht,P11
54,2022,Tagesschicht,P12
54,2022,Tagesschicht,P13
54,2022,Tagesschicht,P14
54,2022,Tagesschicht,P15
54,2022,Tagesschicht,P16
54,2022,Tagesschicht,P17
54,2022,Tagesschicht,P18
54,2022,Tagesschicht,P19
54,2022,Tagesschicht,P20
54,2022,Nachtschicht,A11
54,2022,Nachtschicht,A12
54,2022,Nachtschicht,P22
54,2022,Nachtschicht,P23
54,2022,Nachtschicht,P24
54,2022,Nachtschicht,P25
54,2022,Nachtschicht,P26
54,2022,Nachtschicht,P27